1,_,不错,整体,正面
1,_,是正品,真伪,正面
2,_,_,_,_
3,_,挺细腻,使用体验,正面
3,_,挺细腻的,使用体验,正面
4,_,还行,整体,正面
5,_,不错,整体,正面
6,_,很好,整体,正面
6,_,很细腻,使用体验,正面
6,_,提亮了肌肤，很好,功效,正面
6,_,贴合,使用体验,正面
6,_,贴合肤色,使用体验,正面
7,_,很喜欢,整体,正面
7,_,特别好用,整体,正面
8,_,好评,整体,正面
9,_,还可以,整体,正面
10,_,不错,整体,正面
11,_,不错,整体,正面
11,_,不错，没有油腻,整体,正面
11,_,很清爽,使用体验,正面
11,_,很清爽，水润,使用体验,正面
11,_,很清爽，水润。不错,使用体验,正面
11,_,水润。不错,使用体验,正面
12,_,_,_,_
13,_,一般般,整体,中性
14,_,不错,整体,正面
15,物流,快,物流,正面
15,物流速度,快,物流,正面
16,_,_,_,_
17,发货,快,物流,正面
17,发货速度,快,物流,正面
18,_,很喜欢,整体,正面
18,_,很喜欢，很好用,整体,正面
18,_,很好用,整体,正面
19,_,不错,整体,正面
19,_,不错，支持**，给力,整体,正面
19,_,喜欢,整体,正面
19,_,很好,整体,正面
19,_,很好，不错,整体,正面
20,_,不油腻,使用体验,正面
20,_,自然,功效,正面
20,_,自然，不油腻,功效,正面
21,_,好评,整体,正面
21,_,挺好用,整体,正面
21,_,挺好用的,整体,正面
21,_,挺好用的，好评,整体,正面
22,_,_,_,_
23,_,很不错,整体,正面
23,_,很不错呢，很贴肤,整体,正面
23,_,很不错呢，很贴肤细腻,整体,正面
23,_,很贴肤,使用体验,正面
23,_,很贴肤细腻,使用体验,正面
23,_,细腻,使用体验,正面
24,_,不错,整体,正面
25,_,优惠,价格,正面
26,_,很好用,整体,正面
26,_,很好用就是太贵了,整体,正面
26,_,有点干,使用体验,负面
27,_,真心不错,整体,正面
28,_,油腻,使用体验,负面
28,_,油腻，使用效果一般,使用体验,负面
29,_,很好用,整体,正面
29,_,很好用，很温和,整体,正面
29,_,很温和,使用体验,正面
30,_,还可以,整体,正面
31,_,不错,整体,正面
31,_,非常好,整体,正面
32,_,好评,整体,正面
33,_,好用,整体,正面
33,_,好用 摸上很自然,整体,正面
34,_,不错,整体,正面
34,_,很好,整体,正面
34,_,很好，用着不错,整体,正面
35,_,很不舒服,使用体验,负面
35,_,有些痒,使用体验,负面
35,_,有些痒，很不舒服,使用体验,负面
36,快递,很快,物流,正面
36,快递,很快的,物流,正面
37,_,很划算,价格,正面
37,速度,很快,物流,正面
37,速度,很快，很划算,物流,正面
38,_,很水润,使用体验,正面
38,_,很水润，包装也不错,使用体验,正面
38,包装,不错,包装,正面
39,快递小哥,很好,物流,正面
39,快递小哥,很快,物流,正面
39,快递小哥服务,很好,物流,正面
39,快递小哥服务,很快,物流,正面
39,物流,很快,物流,正面
40,_,特别划得来,价格,正面
41,_,不紧绷,使用体验,正面
41,_,不紧绷了,使用体验,正面
41,_,很好用,整体,正面
41,_,很好用，感觉脸不紧绷,整体,正面
41,_,水水的,使用体验,正面
41,_,水水的，很好用,使用体验,正面
42,_,一般,整体,中性
43,_,挺好用,整体,正面
43,_,挺好用的,整体,正面
44,_,很喜欢,整体,正面
45,_,很好,整体,正面
46,_,还可以,整体,正面
47,_,很温和,使用体验,正面
47,_,非常不错,整体,正面
47,_,非常不错哦，没有刺鼻,整体,正面
48,_,不错,整体,正面
48,_,还行,整体,正面
48,_,还行，不错,整体,正面
49,_,_,_,_
50,_,还不错,整体,正面
51,_,不错,整体,正面
52,_,不油腻,使用体验,正面
52,_,好用,整体,正面
52,_,好用，显白,整体,正面
52,_,好用，显白不油腻,整体,正面
52,_,显白,功效,正面
52,_,显白不油腻,功效,正面
53,价格,挺便宜,价格,正面
53,价格,挺便宜的,价格,正面
54,_,不错,整体,正面
54,快递小哥,快,物流,正面
54,快递速度,快,物流,正面
54,快递速度,点赞,物流,正面
55,_,实惠,价格,正面
55,_,很不错,整体,正面
55,_,很不错，**就是实惠,整体,正面
56,_,很喜欢,整体,正面
57,_,不怎么好用,整体,负面
58,_,亲肤,使用体验,正面
58,_,亲肤柔和,使用体验,正面
58,_,亲肤柔和，满意,使用体验,正面
58,_,柔和,使用体验,正面
58,_,柔和，满意,使用体验,正面
58,_,满意,整体,正面
59,_,_,_,_
60,_,很嫩,使用体验,正面
60,_,很滑,使用体验,正面
60,_,很滑，很嫩,使用体验,正面
60,_,非常好,整体,正面
61,_,_,_,_
62,_,不好用,整体,负面
63,_,_,_,_
64,_,不错,整体,正面
64,_,很适合,整体,正面
64,_,很适合，不错,整体,正面
65,_,不错,整体,正面
65,_,不错 送货师傅很给力,整体,正面
65,送货师傅,很给力,物流,正面
66,_,还可以,整体,正面
66,物流,很快,物流,正面
66,物流,很快，听说还可以,物流,正面
67,_,好用,整体,正面
68,包装,不错,包装,正面
68,物流,非常快,物流,正面
69,快递,是给力,物流,正面
69,快递,给力,物流,正面
70,_,还可以,整体,正面
71,_,保湿,功效,正面
71,_,保湿滋润,功效,正面
71,_,保湿滋润，挺好的,功效,正面
71,_,挺好的,整体,正面
71,_,滋润,使用体验,正面
71,_,滋润，挺好的,使用体验,正面
72,_,_,_,_
73,_,_,_,_
74,_,_,_,_
75,_,不刺激,使用体验,正面
75,_,温和,使用体验,正面
75,_,温和不刺激,使用体验,正面
75,_,真心不错,整体,正面
75,活动,非常划算,价格,正面
76,_,很好用,整体,正面
77,_,好好用,整体,正面
77,_,好好用无刺激,整体,正面
77,_,好评,整体,正面
77,_,好评  真的好好用,整体,正面
77,_,好评  真的好好用无刺激,整体,正面
77,_,无刺激,使用体验,正面
78,价格,便宜,价格,正面
78,价格,便宜，性价比高,价格,正面
78,包装,不错,包装,正面
78,包装,不错，应该还可以,包装,正面
78,性价比,便宜,价格,正面
79,包装,很好,包装,正面
79,包装,很好，快递也快,包装,正面
79,快递,快,物流,正面
80,_,还不错,整体,正面
81,_,很好用,整体,正面
81,_,很好用的,整体,正面
82,_,不错,整体,正面
82,物流,很快,物流,正面
83,_,还行,整体,正面
84,_,还不错,整体,正面
85,_,_,_,_
86,_,光光滑,使用体验,正面
86,_,光光滑的,使用体验,正面
86,_,光光滑的，超喜欢,使用体验,正面
86,_,光光滑的，超喜欢的,使用体验,正面
86,_,很好用,整体,正面
86,_,很好用，修复得很好,整体,正面
86,_,超喜欢,整体,正面
86,_,超喜欢的,整体,正面
87,_,好评,整体,正面
87,_,水润润,使用体验,正面
87,_,水润润，好评,使用体验,正面
87,速度,很快,物流,正面
87,速度,很快呀，用后水润润,物流,正面
88,_,不紧绷,使用体验,正面
88,_,很划算,价格,正面
88,_,很清爽,使用体验,正面
88,_,很清爽，不紧绷,使用体验,正面
88,_,很温和,使用体验,正面
88,_,很温和，洗完很清爽,使用体验,正面
89,_,非常好用,整体,正面
90,_,不错,整体,正面
91,_,不错,整体,正面
91,_,不错的,整体,正面
91,_,挺好的,整体,正面
91,_,挺好的，用着不错的,整体,正面
92,味道,不是很喜欢,气味,负面
93,_,很好用,整体,正面
93,_,很好用，味道特别好闻,整体,正面
93,_,很细腻,使用体验,正面
93,味道,特别好闻,气味,正面
93,味道,特别好闻，也很细腻,气味,正面
94,_,满意,整体,正面
94,价格,优惠,价格,正面
94,价格,优惠，满意,价格,正面
95,_,挺好的,整体,正面
96,_,好评,整体,正面
96,_,特别滑,使用体验,正面
96,_,特别滑，精华液也挺多,使用体验,正面
96,精华液,挺多,成分,正面
96,精华液,挺多，好评,成分,正面
97,价格,实惠,价格,正面
97,包装,精美,包装,正面
97,包装,精美，价格实惠,包装,正面
98,_,很不错,整体,正面
98,_,很不错，非常喜欢,整体,正面
98,快递,给力,物流,正面
98,快递,给力的很,物流,正面
99,补水效果,较好,功效,正面
100,_,特别水润,使用体验,正面
100,补水效果,特别好,功效,正面
101,_,还可以,整体,正面
101,_,还可以的,整体,正面
101,性价比,高，还可以的,价格,正面
102,_,不油腻,使用体验,正面
102,味道,淡淡的,气味,正面
103,_,很喜欢,整体,正面
103,_,水水的,使用体验,正面
104,_,便宜,价格,正面
104,_,便宜实惠,价格,正面
104,_,可以,整体,正面
104,_,可以，便宜,整体,正面
104,_,可以，便宜实惠,整体,正面
104,_,实惠,价格,正面
105,_,还可以,整体,正面
106,_,超级好用,整体,正面
107,_,很不错,整体,正面
108,_,不错,整体,正面
109,_,很好用,整体,正面
109,送货,快,物流,正面
110,味道,还行,气味,正面
111,_,还不错,整体,正面
111,_,还不错，性价比很高,整体,正面
111,性价比,很高,价格,正面
112,_,是正品,真伪,正面
112,_,是正品，香味浓郁,真伪,正面
112,遮瑕效果,非常好,功效,正面
113,_,挺好用,整体,正面
113,_,挺好用的,整体,正面
113,保湿效果,不错,功效,正面
113,保湿效果,不错，挺好用的,功效,正面
114,_,非常好用,整体,正面
115,_,很好用,整体,正面
116,_,_,_,_
117,_,挺好的,整体,正面
117,无流,很快,物流,正面
118,_,不贵,价格,正面
118,_,不贵还好用,价格,正面
118,_,好用,整体,正面
118,价格,合适,价格,正面
118,价格,合适，不贵,价格,正面
118,价格,合适，不贵还好用,价格,正面
119,_,很好用,整体,正面
119,_,很好用，物流也很快,整体,正面
119,_,是正品,真伪,正面
119,物流,很快,物流,正面
120,_,不错,整体,正面
120,_,挺好的,整体,正面
120,_,挺好的，效果不错,整体,正面
121,_,挺好的,整体,正面
122,_,_,_,_
123,_,可以,整体,正面
124,_,很好用,整体,正面
125,_,不贵,价格,正面
125,_,好用,整体,正面
126,_,不错,整体,正面
126,_,不错一如既往的好用,整体,正面
126,_,好用,整体,正面
127,_,优惠,价格,正面
127,_,好用,整体,正面
127,_,好用  挺清爽的,整体,正面
127,_,挺清爽,使用体验,正面
127,_,挺清爽的,使用体验,正面
127,送货,很快,物流,正面
127,送货,很快很方便,物流,正面
127,送货速度,很快,物流,正面
127,送货速度,很快很方便,物流,正面
128,_,还可以,整体,正面
129,_,_,_,_
130,_,物美价廉,价格,正面
130,_,物美价廉，发货快,价格,正面
130,发货,快,物流,正面
131,_,_,_,_
132,_,不好,整体,负面
133,_,一般般,整体,中性
133,_,一般般快递慢,整体,中性
133,快递,慢,物流,正面
134,物流,快,物流,正面
135,_,_,_,_
136,_,不干,使用体验,正面
136,_,不干了,使用体验,正面
136,_,不干了，很舒服,使用体验,正面
136,_,好用,整体,正面
136,_,好用，超级好用,整体,正面
136,_,很舒服,使用体验,正面
136,_,超级好用,整体,正面
136,_,超级好用，非常适合,整体,正面
136,_,非常适合,整体,正面
137,_,不紧,使用体验,正面
137,_,不紧水份多,使用体验,正面
137,价格,便宜,价格,正面
137,价格,还便宜,价格,正面
138,_,五星好评,整体,正面
138,_,超级划算,价格,正面
138,_,超级补水,功效,正面
138,_,超级补水，超级划算,功效,正面
139,_,_,_,_
140,送货,快,物流,正面
141,_,很好用,整体,正面
141,_,很好用，补水效果很好,整体,正面
141,_,滋润,使用体验,正面
141,_,滋润服帖,使用体验,正面
141,_,滋润服帖，打造完美,使用体验,正面
141,补水效果,很好,功效,正面
141,补水效果,很好，滋润,功效,正面
141,补水效果,很好，滋润服帖,功效,正面
142,_,很喜欢,整体,正面
142,补水,特别好,功效,正面
143,_,很滋润,使用体验,正面
143,_,挺实惠,价格,正面
143,_,挺实惠，也蛮好用,价格,正面
143,_,蛮好用,整体,正面
143,_,蛮好用很滋润,整体,正面
144,_,很好用,整体,正面
144,_,很好用，赠品也多,整体,正面
144,物流,很快,物流,正面
144,赠品,多,价格,正面
145,包装,不错,包装,正面
145,物流,杠杠的,物流,正面
145,物流,杠杠的。包装不错,物流,正面
146,_,特别轻薄,使用体验,正面
146,_,特别轻薄透气,使用体验,正面
146,_,特别轻薄透气补水,使用体验,正面
147,_,还可以,整体,正面
148,补水效果,特别好,功效,正面
149,_,还可以,整体,正面
150,_,很好,整体,正面
150,_,很好，有一点增白,整体,正面
151,_,好评,整体,正面
152,_,不是太喜欢,整体,负面
153,_,不起块,使用体验,正面
153,_,细腻,使用体验,正面
153,_,细腻不起块,使用体验,正面
153,_,超级不错,整体,正面
153,_,超级不错，细腻,整体,正面
153,_,超级不错，细腻不起块,整体,正面
153,配送员服务,超好,物流,正面
153,配送员服务,超好，点赞,物流,正面
154,_,干而且搓泥,使用体验,负面
154,_,搓泥,使用体验,负面
155,_,经济,价格,正面
155,_,经济实惠,价格,正面
155,送货,快,物流,正面
155,送货速度,快,物流,正面
156,_,很好用,整体,正面
157,_,_,_,_
158,_,不油腻,使用体验,正面
158,_,不油腻，上妆服帖,使用体验,正面
158,_,喜欢,整体,正面
158,_,服帖,使用体验,正面
158,性价比,超高,价格,正面
158,性价比,超高！！！！！喜欢,价格,正面
158,遮暇力度,不够,功效,正面
158,遮暇力度,不够，但是不油腻,功效,正面
159,_,_,_,_
160,_,不错,整体,正面
160,_,非常滋润,使用体验,正面
161,_,很好用,整体,正面
161,_,很好用很实惠,整体,正面
161,_,很实惠,价格,正面
162,_,挺好,整体,正面
162,价格,实惠,价格,正面
162,物流,很快,物流,正面
163,_,不伤皮肤,使用体验,正面
163,_,很清爽,使用体验,正面
163,_,很清爽，不伤皮肤,使用体验,正面
163,_,很温和,使用体验,正面
163,_,很温和，很清爽,使用体验,正面
163,_,挺好用,整体,正面
163,_,挺好用的,整体,正面
163,_,挺好用的，卸妆很温和,整体,正面
164,_,_,_,_
165,物流,不错,物流,正面
165,物流速度,不错,物流,正面
166,_,挺好用,整体,正面
166,_,挺好用的,整体,正面
167,_,实惠,价格,正面
167,_,非常不错,整体,正面
167,_,非常不错，实惠,整体,正面
168,_,挺好用,整体,正面
168,_,挺好用的,整体,正面
168,_,挺好用的，挺滋润,整体,正面
168,_,挺好用的，挺滋润的,整体,正面
168,_,挺滋润,使用体验,正面
168,_,挺滋润的,使用体验,正面
169,_,好用,整体,正面
169,_,好评,整体,正面
169,_,好评，好用,整体,正面
170,_,_,_,_
171,_,_,_,_
172,_,超级滋润,使用体验,正面
173,_,_,_,_
174,_,不错,整体,正面
174,_,不错不错,整体,正面
174,_,不错不错，很好闻,整体,正面
174,_,很好,整体,正面
174,_,很好闻,气味,正面
174,_,很好闻。质量很好,气味,正面
175,_,很好用,整体,正面
176,_,卡粉，也不咋个,使用体验,负面
176,_,有点点卡粉,使用体验,负面
177,_,一如既往的好,整体,正面
178,_,挺满意,整体,正面
178,_,挺满意的,整体,正面
178,_,挺满意的，还不错,整体,正面
178,_,有点紧绷,使用体验,负面
178,_,还不错,整体,正面
178,补水效果,挺好的,功效,正面
179,_,物超所值,整体,正面
179,_,物超所值，，物聊超快,整体,正面
180,_,不油腻,使用体验,正面
180,_,比较容易推开,使用体验,正面
180,_,比较容易推开，不油腻,使用体验,正面
181,_,不油腻,使用体验,正面
181,_,不过敏,使用体验,正面
181,_,不过敏，很保湿,使用体验,正面
181,_,很保湿,功效,正面
181,_,很保湿，不油腻,功效,正面
181,_,很好,整体,正面
181,_,很好，不过敏,整体,正面
181,_,很好，不过敏，很保湿,整体,正面
182,_,还不错,整体,正面
182,_,还不错，能遮盖红血丝,整体,正面
183,_,很好用,整体,正面
183,_,很好用是正品,整体,正面
183,_,是正品,真伪,正面
184,_,不错,整体,正面
184,_,不错的,整体,正面
184,_,比较优惠,价格,正面
185,_,不错,整体,正面
185,_,可以,整体,正面
186,_,非常不错,整体,正面
186,物流,快,物流,正面
186,物流速度,快,物流,正面
187,保湿效果,很好,功效,正面
188,_,特别好用,整体,正面
188,_,特别好用，赞,整体,正面
188,_,赞,整体,正面
189,_,不脱妆,使用体验,正面
189,_,不脱妆，挺好用的,使用体验,正面
189,_,很滋润,使用体验,正面
189,_,很滋润，不脱妆,使用体验,正面
189,_,挺好用,整体,正面
189,_,挺好用的,整体,正面
190,_,不错,整体,正面
190,价格,合适,价格,正面
190,价格,合适不错,价格,正面
191,_,很不错,整体,正面
192,_,很好用,整体,正面
192,_,很舒服,使用体验,正面
193,_,不错,整体,正面
194,气味,很好闻,气味,正面
194,气味,很好闻淡淡的,气味,正面
194,气味,淡淡,气味,正面
195,_,_,_,_
196,_,_,_,_
197,_,还行,整体,正面
198,_,不紧绷,使用体验,正面
198,_,还可以,整体,正面
199,_,很满意,整体,正面
199,物流,很快,物流,正面
199,物流,很快，很满意,物流,正面
200,_,有些油,使用体验,负面
200,补水,可以,功效,正面
200,补水,可以的,功效,正面
201,_,很不错,整体,正面
201,_,很不错赞一个,整体,正面
201,_,很不错赞一个，很喜欢,整体,正面
201,_,很喜欢,整体,正面
201,_,棒棒的,整体,正面
201,送货速度,快,物流,正面
201,送货速度,快，棒棒的,物流,正面
202,_,很喜欢,整体,正面
203,_,好评,整体,正面
203,_,挺好的,整体,正面
203,_,挺好的，物流挺快,整体,正面
203,_,挺好的，物流挺快的,整体,正面
203,物流,挺快,物流,正面
203,物流,挺快的,物流,正面
203,物流,挺快的，好评,物流,正面
204,_,还可以,整体,正面
205,_,不卡粉,使用体验,正面
205,_,很好,整体,正面
205,_,很好，贴肤,整体,正面
205,_,很好，贴肤，不卡粉,整体,正面
205,_,贴肤,使用体验,正面
205,_,贴肤，不卡粉,使用体验,正面
206,_,_,_,_
207,_,不刺激,使用体验,正面
207,_,不刺激 特别好,使用体验,正面
207,_,很喜欢,整体,正面
207,_,很好用,整体,正面
207,_,很好用 香味不重,整体,正面
207,_,很好用 香味不重 不刺激,整体,正面
207,_,特别好,整体,正面
208,_,好评,整体,正面
208,_,很滑，很舒服,使用体验,正面
208,_,很滑，很舒服，好评,使用体验,正面
208,_,很舒服,使用体验,正面
208,_,很舒服，好评,使用体验,正面
208,_,挺好用的,整体,正面
208,_,挺好用的，味道香香的,整体,正面
208,味道,香香的,气味,正面
209,速度,快,物流,正面
209,速度,快，用着放心,物流,正面
210,_,_,_,_
211,_,很喜欢,整体,正面
211,补水效果,特别好,功效,正面
212,_,假的,真伪,负面
213,_,_,_,_
214,_,不错,整体,正面
214,_,不错 满意,整体,正面
214,_,满意,整体,正面
215,_,很干净,功效,正面
215,_,非常好用,整体,正面
216,_,不油腻,使用体验,正面
216,_,很好用,整体,正面
216,_,很好用，不油腻,整体,正面
217,_,不错,整体,正面
218,_,不错,整体,正面
218,_,不错呢，快递超级给力,整体,正面
218,快递,超级给力,物流,正面
219,_,很好用,整体,正面
219,_,很好用成分也安全,整体,正面
219,成分,安全,成分,正面
220,包装,挺好看,包装,正面
220,包装,挺好看的,包装,正面
221,_,不错,整体,正面
221,_,不错的,整体,正面
221,_,喜欢,整体,正面
222,_,很便宜,价格,正面
223,_,很好用,整体,正面
223,_,很好用的,整体,正面
224,_,好用,整体,正面
225,_,_,_,_
226,_,很好,整体,正面
227,_,好好用,整体,正面
227,_,好好用，很方便,整体,正面
227,_,很方便,整体,正面
228,速度,飞快,物流,正面
228,速度,飞快。大爱,物流,正面
229,_,光滑,使用体验,正面
230,_,不过敏,使用体验,正面
230,_,不过敏，很好用,使用体验,正面
230,_,很好用,整体,正面
231,_,真心不错,整体,正面
231,_,真心不错，是我喜欢,整体,正面
231,物流,快,物流,正面
232,_,很好,整体,正面
232,_,很好，物流也很快,整体,正面
232,物流,很快,物流,正面
233,_,好评,整体,正面
233,_,物超所值,整体,正面
233,_,物超所值，全5分好评,整体,正面
234,_,_,_,_
235,_,还好,整体,正面
236,_,比较保湿,功效,正面
236,_,水润,使用体验,正面
236,_,水润轻薄,使用体验,正面
236,_,水润轻薄，也比较保湿,使用体验,正面
237,_,挺好,整体,正面
238,_,_,_,_
239,_,很喜欢,整体,正面
239,吸收,很好,使用体验,正面
239,吸收,很好,功效,正面
240,_,不错,整体,正面
241,_,不错,整体,正面
241,精华液,很多,成分,正面
241,精华液,很多，不错,成分,正面
241,补水,还可,功效,正面
241,补水,还可以,功效,正面
241,补水,还可以，精华液也很多,功效,正面
242,_,便宜,价格,正面
243,_,一般,整体,中性
244,_,不错,整体,正面
244,_,不错，非常好用,整体,正面
244,_,非常好用,整体,正面
245,_,_,_,_
246,_,很不错,整体,正面
246,性价比,高，很不错,价格,正面
246,服务,很好,服务,正面
247,_,还不错,整体,正面
248,_,大爱,整体,正面
248,_,很喜欢,整体,正面
248,_,很喜欢，大爱,整体,正面
248,_,很美白,功效,正面
248,味道,很舒服,气味,正面
248,味道,很舒服，很喜欢,气味,正面
248,味道,很舒服，很喜欢，大爱,气味,正面
249,_,不油腻,使用体验,正面
249,_,挺好的,整体,正面
249,_,挺好的，滋润,整体,正面
249,_,挺好的，滋润不油腻,整体,正面
249,_,滋润,使用体验,正面
249,_,滋润不油腻,使用体验,正面
250,_,不错,整体,正面
251,_,很服帖,使用体验,正面
251,_,很服帖自然,使用体验,正面
251,_,挺好用,整体,正面
251,_,挺好用的,整体,正面
251,_,自然,功效,正面
252,_,_,_,_
253,_,_,_,_
254,_,一般,整体,中性
255,_,很敷贴,使用体验,正面
255,_,很敷贴精华也好多,使用体验,正面
255,_,挺好用,整体,正面
255,_,挺好用的,整体,正面
255,_,挺好用的，薄薄,整体,正面
255,_,挺好用的，薄薄的,整体,正面
255,_,薄薄,使用体验,正面
255,_,薄薄的,使用体验,正面
255,_,薄薄的很敷贴,使用体验,正面
255,精华,好多,成分,正面
256,_,不错不错,整体,正面
257,_,好,整体,正面
258,_,非常的好用,整体,正面
258,_,非常非常的好用,整体,正面
259,_,好小,尺寸,负面
260,_,_,_,_
261,_,好用,整体,正面
261,_,特便宜,价格,正面
262,_,好用,整体,正面
262,_,好评,整体,正面
262,_,好评，商品好用,整体,正面
263,_,物有所值,整体,正面
264,_,不好,整体,负面
264,_,不好的,整体,负面
265,_,还可以,整体,正面
266,_,有点干,使用体验,负面
266,_,有点干，没有提亮肤色,使用体验,负面
266,_,还可以,整体,正面
266,_,还可以吧,整体,正面
267,_,便宜,价格,正面
267,_,便宜大碗简单,价格,正面
267,_,便宜大碗简单通透,价格,正面
267,_,好用,整体,正面
267,_,好用便宜,整体,正面
267,_,好用便宜大碗简单通透,整体,正面
267,_,简单,使用体验,正面
268,_,不错,整体,正面
269,_,_,_,_
270,_,很滋润,使用体验,正面
270,_,特别喜欢,整体,正面
271,_,好的很,整体,正面
271,_,好的很，孩子很喜欢,整体,正面
271,_,好的很，孩子很喜欢用,整体,正面
271,_,很喜欢,整体,正面
271,_,很喜欢用,整体,正面
271,_,很喜欢用，很滋养,整体,正面
271,_,很滋养,使用体验,正面
271,_,美美哒,整体,正面
272,包装,完好,包装,正面
272,包装,完好，**服务好,包装,正面
272,物流,很快,物流,正面
272,物流,很快，包装完好,物流,正面
273,_,不错,整体,正面
273,_,不错活动买合适,整体,正面
273,价格,优惠券,价格,正面
273,价格,优惠券补水效果不错,价格,正面
273,补水效果,不错,功效,正面
274,_,不脱妆,使用体验,正面
274,_,挺好用,整体,正面
274,_,挺好用的,整体,正面
274,_,挺好用的，淡淡的,整体,正面
275,_,很好用,整体,正面
276,_,_,_,_
277,补水效果,很好,功效,正面
278,_,_,_,_
279,_,实惠,价格,正面
279,_,实惠，快递很快,价格,正面
279,_,实惠，快递很快，满意,价格,正面
279,_,正品,真伪,正面
279,_,正品，实惠,真伪,正面
279,_,正品，实惠，快递很快,真伪,正面
279,_,满意,整体,正面
279,快递,很快,物流,正面
279,快递,很快，满意,物流,正面
279,快递,很快，满意。 服务很好,物流,正面
280,_,是正品,真伪,正面
280,_,真的不错,整体,正面
281,味道,清淡,气味,正面
281,味道,清淡水的泡沫也很细腻,气味,正面
282,_,正品,真伪,正面
282,_,水水润润的,使用体验,正面
283,_,超级划算,价格,正面
283,包装,好看,包装,正面
284,_,_,_,_
285,_,不卡粉,使用体验,正面
285,_,不卡粉  挺好的,使用体验,正面
285,_,挺好的,整体,正面
285,_,挺好的 就是有点小,整体,正面
285,_,还不错,整体,正面
285,_,还不错 一点也不卡粉,整体,正面
286,_,挺好用,整体,正面
286,_,挺好用的,整体,正面
287,_,挺好的,整体,正面
288,_,棒棒哒,整体,正面
288,物流,很快,物流,正面
289,_,挺好用,整体,正面
289,_,挺好用的,整体,正面
290,_,真品,真伪,正面
291,补水效果,很好,功效,正面
292,_,很好用,整体,正面
293,_,不错,整体,正面
293,_,舒服,使用体验,正面
293,_,非常清爽,使用体验,正面
293,_,非常清爽，舒服,使用体验,正面
294,_,挺水润,使用体验,正面
294,_,挺水润服帖的,使用体验,正面
295,_,长很多痘,使用体验,负面
296,_,很好用,整体,正面
297,_,还可以,整体,正面
298,_,最优惠,价格,正面
299,_,不错,整体,正面
299,_,不错，很服帖,整体,正面
299,_,很服帖,使用体验,正面
299,_,很服帖，物流也很快,使用体验,正面
299,物流,很快,物流,正面
300,_,很棒的,整体,正面
301,_,不干燥,使用体验,正面
301,_,不干燥，摸起来滑滑的,使用体验,正面
301,_,滑滑的,使用体验,正面
302,_,_,_,_
303,_,不错,整体,正面
303,_,很舒服,使用体验,正面
304,_,不错,整体,正面
304,_,不错，给个好评,整体,正面
304,_,好评,整体,正面
305,_,很喜欢,整体,正面
306,_,比较实惠,价格,正面
307,_,很好用,整体,正面
308,_,不错,整体,正面
309,_,很满意,整体,正面
309,快递,真快,物流,正面
310,_,_,_,_
311,_,不错,整体,正面
311,_,不错，很好用,整体,正面
311,_,很好用,整体,正面
312,_,很白,功效,正面
312,_,很白，还可以,功效,正面
312,_,很香,气味,正面
312,_,还可以,整体,正面
313,_,不错,整体,正面
313,_,不错，用了这个都可以,整体,正面
313,_,提亮,功效,正面
313,_,提亮肤色,功效,正面
313,_,有遮瑕效果还提亮肤色,功效,正面
314,_,_,_,_
315,_,挺好,整体,正面
315,_,挺好。算满意,整体,正面
315,_,相当实惠,价格,正面
316,_,很好,整体,正面
316,_,很好  漂亮,整体,正面
317,_,差评,整体,负面
317,_,差评，面膜太小了,整体,负面
318,上妆效果,还可以,功效,正面
319,_,是正品,真伪,正面
320,_,很好,整体,正面
320,价格,合适,价格,正面
320,保湿,不错,功效,正面
320,保湿,不错，价格合适,功效,正面
321,速度,超快,物流,正面
322,_,物美价廉,价格,正面
323,包装,很好看,包装,正面
324,补水效果,很好,功效,正面
324,补水效果,很好，面膜很薄的,功效,正面
325,价格,太高,价格,正面
326,保湿效果,很好,功效,正面
327,_,很喜欢,整体,正面
327,_,特别喜欢,整体,正面
327,_,特别好,整体,正面
327,_,特别好保障也很高,整体,正面
327,_,非常喜欢,整体,正面
328,_,不错,整体,正面
328,_,不错挺好用的,整体,正面
328,_,挺好用,整体,正面
328,_,挺好用的,整体,正面
329,_,不错,整体,正面
330,_,真的不错,整体,正面
331,_,很服帖,使用体验,正面
331,_,很服帖，超服帖,使用体验,正面
331,_,超服帖,使用体验,正面
332,_,很不错,整体,正面
332,_,很不错、就是有点淡,整体,正面
333,_,不油腻,使用体验,正面
333,_,不油腻，给人一种清新,使用体验,正面
333,_,提亮肤色,功效,正面
333,_,提亮肤色，不油腻,功效,正面
334,保湿效果,好,功效,正面
334,味道,好闻,气味,正面
334,味道,好闻，保湿效果好,气味,正面
335,_,不错,整体,正面
335,_,不错哦。速度很快,整体,正面
335,速度,很快,物流,正面
336,_,很保湿,功效,正面
337,_,不错,整体,正面
337,_,不错不错,整体,正面
337,_,很好,整体,正面
337,_,很好，物流给了,整体,正面
337,_,很好，物流给了，不错,整体,正面
337,物流,给了,物流,正面
338,速度,快,物流,正面
339,_,有点干,使用体验,负面
340,_,不错,整体,正面
340,送货,很快,物流,正面
341,_,很喜欢,整体,正面
341,_,很好,整体,正面
341,_,很好.很喜欢,整体,正面
342,_,一点不干,使用体验,正面
342,_,一点不干也不油腻,使用体验,正面
342,_,不油腻,使用体验,正面
342,_,不油腻，很自然,使用体验,正面
342,_,很自然,功效,正面
342,_,粉粉嫩嫩的,使用体验,正面
342,_,非常滋润,使用体验,正面
342,_,非常滋润，一点不干,使用体验,正面
343,_,不干,使用体验,正面
343,_,不干，挺滋润的,使用体验,正面
343,_,挺滋润,使用体验,正面
343,_,挺滋润的,使用体验,正面
343,_,超级划算,价格,正面
343,泡沫,很多,使用体验,正面
344,_,很实惠,价格,正面
344,_,很实惠，发货速度快,价格,正面
345,_,不紧绷,使用体验,正面
345,_,温和,使用体验,正面
345,_,温和洗后不紧绷,使用体验,正面
346,物流,超级快,物流,正面
346,物流,超级快～太满意,物流,正面
346,物流,超级快～太满意了,物流,正面
347,_,非常平价,价格,正面
347,补水,不错,功效,正面
348,_,_,_,_
349,_,还不错,整体,正面
349,_,还可以,整体,正面
349,_,还可以用着还不错,整体,正面
350,_,_,_,_
351,_,还不错,整体,正面
352,_,_,_,_
353,_,很不错,整体,正面
354,_,还算可以,整体,正面
355,_,_,_,_
356,味道,很好闻,气味,正面
357,_,挺好用,整体,正面
357,_,挺好用的,整体,正面
357,_,挺好用的价格也实惠,整体,正面
357,_,还不错,整体,正面
357,价格,实惠,价格,正面
358,保湿效果,非常好,功效,正面
359,_,不错,整体,正面
360,_,很水润,使用体验,正面
360,_,很薄,使用体验,正面
360,_,很薄，很水润,使用体验,正面
361,_,不油腻,使用体验,正面
361,_,不错,整体,正面
361,_,不错，很清爽,整体,正面
361,_,不错，很清爽不油腻,整体,正面
361,_,可以,整体,正面
361,_,可以，不错,整体,正面
361,_,可以，不错，很清爽,整体,正面
361,_,很清爽,使用体验,正面
361,_,很清爽不油腻,使用体验,正面
362,_,不辣眼睛,使用体验,正面
362,_,不辣眼睛，挺好用的,使用体验,正面
362,_,挺好用,整体,正面
362,_,挺好用的,整体,正面
363,_,_,_,_
364,_,不错,整体,正面
365,补水效果,非常好,功效,正面
366,快递,很给力,物流,正面
367,_,还可以,整体,正面
368,_,挺好的,整体,正面
368,_,挺好的，片数超多,整体,正面
369,_,挺好用,整体,正面
369,_,挺好用的,整体,正面
370,_,不错,整体,正面
370,_,不错，货真价实,整体,正面
371,_,挺好用,整体,正面
371,_,挺好用的,整体,正面
372,_,物超所值,整体,正面
372,物流,快,物流,正面
372,物流,快，颜色好,物流,正面
372,物流,快，颜色好，物超所值,物流,正面
373,_,不错,整体,正面
373,_,非常物美,价格,正面
373,_,非常物美价廉,价格,正面
373,包装,很好,包装,正面
373,包装,很好，物流很快,包装,正面
373,物流,很快,物流,正面
373,物流,很快，面膜也不错,物流,正面
374,快递,好快,物流,正面
374,快递,真的好快,物流,正面
375,_,喜欢,整体,正面
375,_,非常好,整体,正面
375,_,非常好 喜欢,整体,正面
376,到货速度,快,物流,正面
377,_,很好,整体,正面
377,_,很好，面膜挺薄的,整体,正面
377,_,很舒服,使用体验,正面
377,_,挺薄,使用体验,正面
377,_,挺薄的,使用体验,正面
377,_,挺薄的，精华挺多,使用体验,正面
377,精华,挺多,成分,正面
377,精华,挺多的,成分,正面
377,精华,挺多的，用着也很舒服,成分,正面
378,价格,实惠,价格,正面
379,_,很保湿,功效,正面
380,提亮效果,还不错,功效,正面
381,_,还好,整体,正面
381,_,还好吧,整体,正面
381,_,还好吧，日期新鲜,整体,正面
381,_,还好吧，日期新鲜的,整体,正面
382,_,不错,整体,正面
383,_,很好用,整体,正面
383,_,很好用的,整体,正面
383,_,赞,整体,正面
384,_,比较自然,功效,正面
384,_,还行,整体,正面
384,_,还行，涂上比较自然,整体,正面
385,_,超喜欢,整体,正面
385,_,超喜欢，味道香香的,整体,正面
385,味道,香香的,气味,正面
385,味道,香香的，快递很给力,气味,正面
385,快递,很给力,物流,正面
386,_,很服帖,使用体验,正面
386,_,很服帖，很滋润,使用体验,正面
386,_,很滋润,使用体验,正面
387,_,可以,整体,正面
387,_,可以的,整体,正面
387,_,可以的，很好用,整体,正面
387,_,很好用,整体,正面
388,_,好用,整体,正面
388,_,好用多了,整体,正面
388,控油效果,没话说,功效,正面
388,控油效果,没话说，比**的好用,功效,正面
389,_,好,整体,正面
389,_,好，很喜欢,整体,正面
389,_,很喜欢,整体,正面
390,_,不错,整体,正面
390,_,超级润,使用体验,正面
390,_,超级润，喜欢,使用体验,正面
390,_,超级润，喜欢天然的,使用体验,正面
391,_,太好用,整体,正面
391,_,太好用了,整体,正面
392,_,还好,整体,正面
393,_,不油腻,使用体验,正面
393,_,不油腻 非常容易上妆,使用体验,正面
393,_,轻薄,使用体验,正面
393,_,轻薄不油腻,使用体验,正面
393,_,非常容易上妆,使用体验,正面
393,_,非常的好用,整体,正面
393,_,非常的好用 价格又实惠,整体,正面
393,价格,实惠,价格,正面
393,价格,实惠 轻薄,价格,正面
393,价格,实惠 轻薄不油腻,价格,正面
394,_,保湿,功效,正面
394,_,保湿滋润,功效,正面
394,_,保湿滋润，淡淡,功效,正面
394,_,很自然,功效,正面
394,_,很自然，质地保湿,功效,正面
394,_,很自然，质地保湿滋润,功效,正面
394,_,滋润,使用体验,正面
394,_,滋润，淡淡,使用体验,正面
395,_,很喜欢,整体,正面
395,_,很好用,整体,正面
395,_,很好用，很喜欢,整体,正面
396,_,不紧绷,使用体验,正面
396,_,好干净,功效,正面
396,_,好干净，不紧绷,功效,正面
397,补水功能,强大,功效,正面
398,_,_,_,_
399,_,_,_,_
400,_,还可以,整体,正面
400,包装,很好,包装,正面
400,快递,很给力,物流,正面
401,_,很喜欢,整体,正面
401,_,很好用,整体,正面
401,_,很好用，很喜欢,整体,正面
402,_,好用,整体,正面
402,_,挺好的,整体,正面
402,_,挺好的 好用,整体,正面
403,_,不会特别拔干,使用体验,正面
403,_,非常舒服,整体,正面
404,_,好很好,整体,正面
404,_,好很好非常好,整体,正面
404,_,很好非常好,整体,正面
404,_,非常好,整体,正面
405,_,超级好用,整体,正面
405,_,超级好用，活动很划算,整体,正面
405,活动,很划算,价格,正面
406,_,_,_,_
407,_,好评,整体,正面
408,_,喜欢,整体,正面
408,精华液,特别多,成分,正面
408,精华液,特别多，喜欢,成分,正面
408,补水效果,相当不错,功效,正面
409,_,不错,整体,正面
410,_,物美价廉,价格,正面
411,_,不油腻,使用体验,正面
411,_,不错,整体,正面
411,_,不错，非常清爽,整体,正面
411,_,不错，非常清爽不油腻,整体,正面
411,_,非常清爽,使用体验,正面
411,_,非常清爽不油腻,使用体验,正面
412,_,不错,整体,正面
412,物流,很快,物流,正面
413,_,还可以,整体,正面
413,_,还可以的,整体,正面
413,价格,很实惠,价格,正面
414,_,很划算,价格,正面
414,_,很划算，也非常实用,价格,正面
414,_,非常实用,整体,正面
415,_,正品,真伪,正面
415,_,非常喜欢,整体,正面
415,_,非常喜欢，正品,整体,正面
416,_,非常好用,整体,正面
417,_,挺好用,整体,正面
417,_,挺好用的,整体,正面
417,_,挺好用的，价格实惠,整体,正面
417,_,挺好的,整体,正面
417,_,挺好的，感觉还挺好用,整体,正面
417,价格,实惠,价格,正面
418,_,很不错,整体,正面
418,_,是正品,真伪,正面
418,_,是正品，看着很不错,真伪,正面
418,_,正品，看着很不错,真伪,正面
419,_,很不错,整体,正面
419,_,很不错，用起来也方便,整体,正面
419,_,方便,使用体验,正面
420,_,_,_,_
421,_,很喜欢,整体,正面
421,补水效果,很好,功效,正面
421,补水效果,很好，我很喜欢,功效,正面
422,_,非常不错,整体,正面
423,_,均衡肤色,功效,正面
423,_,非常适合,整体,正面
424,_,蛮好的,整体,正面
424,_,蛮好的，精华也挺多,整体,正面
424,_,蛮好的，精华也挺多的,整体,正面
424,精华,挺多,成分,正面
424,精华,挺多的,成分,正面
425,_,不错,整体,正面
425,_,挺好,整体,正面
425,_,挺好，味道也好闻,整体,正面
425,味道,好闻,气味,正面
426,物流,不错,物流,正面
426,物流速度,不错,物流,正面
427,_,便宜,价格,正面
427,_,便宜实惠,价格,正面
427,_,物美价廉,价格,正面
427,_,物美价廉，便宜,价格,正面
427,_,物美价廉，便宜实惠,价格,正面
428,_,_,_,_
429,快递小哥,很不错,物流,正面
429,快递小哥服务,很不错,物流,正面
430,_,好评,整体,正面
430,_,挺喜欢,整体,正面
431,_,不油腻,使用体验,正面
431,_,不油腻，物流快,使用体验,正面
431,_,比较清爽,使用体验,正面
431,_,比较清爽，不油腻,使用体验,正面
431,物流,快,物流,正面
432,_,挺不错,整体,正面
432,_,挺不错的,整体,正面
433,_,非常不错,整体,正面
433,物流,超级给力,物流,正面
433,物流,超级给力非常快,物流,正面
433,物流,非常快,物流,正面
433,物流,非常快！实用非常不错,物流,正面
434,_,还不错,整体,正面
435,_,很好用,整体,正面
436,_,很好用,整体,正面
437,_,挺不错,整体,正面
437,_,挺不错的,整体,正面
438,_,很不错,整体,正面
439,_,不油腻,使用体验,正面
439,_,不油腻，好评,使用体验,正面
439,_,好评,整体,正面
439,_,好评。还是有点贵,整体,正面
440,_,很喜欢,整体,正面
440,_,很好,整体,正面
440,_,很好哦，而且很香,整体,正面
440,_,很棒,整体,正面
440,_,很香，很喜欢,气味,正面
441,_,还可以,整体,正面
441,_,还可以，精华挺充足的,整体,正面
441,精华,挺充足,成分,正面
441,精华,挺充足的,成分,正面
442,_,不紧绷,使用体验,正面
442,_,很好用,整体,正面
442,_,很干净,功效,正面
442,_,很干净，不紧绷,功效,正面
443,_,很好用,整体,正面
443,_,很好用皮肤改善了不少,整体,正面
444,_,超级划算,价格,正面
444,_,超级大赞,整体,正面
445,_,细腻,使用体验,正面
445,_,细腻白皙,使用体验,正面
445,_,非常好用,整体,正面
445,味道,特别好闻,气味,正面
446,_,很喜欢,整体,正面
446,_,很喜欢用,整体,正面
447,_,超棒,整体,正面
447,_,非常好用,整体,正面
447,精华,很多,成分,正面
448,_,挺好的,整体,正面
448,物流,很快,物流,正面
449,_,挺好的,整体,正面
449,_,还可以,整体,正面
449,_,还可以 挺好的,整体,正面
450,_,五分好评,整体,正面
450,_,喜欢,整体,正面
451,_,挺补水,功效,正面
451,_,挺补水的,功效,正面
451,_,还可以,整体,正面
451,_,还可以吧！觉得挺补水,整体,正面
452,_,不错,整体,正面
452,_,不错，很好用,整体,正面
452,_,很好用,整体,正面
453,_,_,_,_
454,_,有点干,使用体验,负面
454,物流,很快,物流,正面
454,物流,很快，还行,物流,正面
454,物流,很快，还行皮肤会显白,物流,正面
455,_,_,_,_
456,_,很好,整体,正面
456,_,很好，**速度快,整体,正面
456,速度,快,物流,正面
457,快递速度,很快,物流,正面
458,_,不刺激,使用体验,正面
458,_,不刺激，易卸,使用体验,正面
458,_,易卸,使用体验,正面
458,_,温和,使用体验,正面
458,_,温和不刺激,使用体验,正面
458,_,温和不刺激，易卸,使用体验,正面
458,隔离效果,好,功效,正面
458,隔离效果,好，温和,功效,正面
458,隔离效果,好，温和不刺激,功效,正面
458,隔离效果,好，温和不刺激，易卸,功效,正面
459,_,挺好的,整体,正面
459,_,挺好的，物流挺快,整体,正面
459,_,挺好的，物流挺快的,整体,正面
459,物流,挺快,物流,正面
459,物流,挺快的,物流,正面
460,_,挺好用,整体,正面
460,_,挺好用的,整体,正面
460,_,挺好用的！还有赠品,整体,正面
461,_,不错,整体,正面
461,_,不错，效果很好的,整体,正面
461,_,很好,整体,正面
461,_,很好的,整体,正面
462,_,很喜欢,整体,正面
463,_,不错,整体,正面
464,_,_,_,_
465,配送,蛮快,物流,正面
465,配送,蛮快的,物流,正面
466,_,刺痛，现在过敏,使用体验,负面
467,_,还不错,整体,正面
467,_,还不错有淡淡,整体,正面
467,_,还不错有淡淡的,整体,正面
467,配送人员服务态度,好,物流,正面
468,_,很喜欢,整体,正面
468,_,特别好用,整体,正面
468,_,特别好用，很喜欢,整体,正面
469,_,不干,使用体验,正面
469,_,不干，很喜欢,使用体验,正面
469,_,保湿,功效,正面
469,_,保湿不干,功效,正面
469,_,保湿不干，很喜欢,功效,正面
469,_,很喜欢,整体,正面
469,_,柔和,使用体验,正面
469,_,柔和多泡,使用体验,正面
470,_,挺好用,整体,正面
470,_,挺好用的,整体,正面
471,快递,杠杠滴,物流,正面
472,_,是正品,真伪,正面
472,_,是正品，而且还特好用,真伪,正面
472,_,特好用,整体,正面
473,_,_,_,_
474,_,还不错,整体,正面
475,_,很补水,功效,正面
475,_,还不错,整体,正面
475,_,还不错，很补水,整体,正面
476,_,很划算,价格,正面
477,_,太油,使用体验,负面
477,_,太油了,使用体验,负面
478,_,好评,整体,正面
479,_,_,_,_
480,_,易吸收,使用体验,正面
480,_,润润的,使用体验,正面
480,_,润润的，易吸收,使用体验,正面
480,香味,很舒服,气味,正面
481,_,不错,整体,正面
481,_,不错哦。速度很快,整体,正面
481,速度,很快,物流,正面
482,_,_,_,_
483,_,好很多,整体,正面
483,物流发货,快,物流,正面
484,_,真心不错,整体,正面
485,_,挺好用,整体,正面
485,_,挺好用的,整体,正面
485,_,挺好用的吸收挺快的,整体,正面
485,吸收,挺快,使用体验,正面
485,吸收,挺快的,使用体验,正面
486,_,不好,整体,负面
486,_,不好！过敏,整体,负面
486,_,过敏,使用体验,负面
487,_,挺好,整体,正面
488,_,挺好,整体,正面
488,_,水水的,使用体验,正面
488,_,水水的，挺好,使用体验,正面
489,_,很好用,整体,正面
489,活动,很划算,价格,正面
490,_,不错,整体,正面
490,_,不错  超值,整体,正面
490,_,超值,价格,正面
491,_,特别好,整体,正面
491,_,非常喜欢,整体,正面
492,_,_,_,_
493,_,不会浮粉,使用体验,正面
493,_,不会浮粉，价钱合理,使用体验,正面
493,_,很好,整体,正面
493,_,很好很好 ，包装不错,整体,正面
493,_,很自然,功效,正面
493,_,很自然 ，不会浮粉,功效,正面
493,价钱,合理,价格,正面
493,送货,快,物流,正面
494,_,便宜,价格,正面
495,_,还好,整体,正面
495,_,还好吧,整体,正面
496,_,还行,整体,正面
497,_,很好用,整体,正面
498,_,很好用,整体,正面
499,_,还不错,整体,正面
500,_,很好,整体,正面
500,_,是正品,真伪,正面
500,_,是正品，很好,真伪,正面
501,_,黏黏的,使用体验,负面
501,_,黏黏的，涂着不舒服,使用体验,负面
501,酒精味,黏黏的,气味,负面
501,酒精味,黏黏的，涂着不舒服,气味,负面
502,_,_,_,_
503,_,可以,整体,正面
503,_,可以啊，提好用,整体,正面
503,_,提好用,整体,正面
503,_,提好用的,整体,正面
504,_,很好用,整体,正面
504,_,很好用，多涂有点油腻,整体,正面
504,_,还不错,整体,正面
504,_,还不错吧,整体,正面
505,_,还不错,整体,正面
506,_,_,_,_
507,_,很好用,整体,正面
507,_,很好用，洗完脸滑滑的,整体,正面
507,_,滑滑的,使用体验,正面
508,_,很好用,整体,正面
508,_,很好用，保湿效果不错,整体,正面
508,保湿效果,不错,功效,正面
508,保湿效果,不错，粉质细腻,功效,正面
509,_,便宜,价格,正面
509,_,是正品,真伪,正面
509,_,是正品，比实体店便宜,真伪,正面
510,_,不错,整体,正面
510,_,不错，喜欢,整体,正面
510,_,喜欢,整体,正面
511,_,不错,整体,正面
512,_,还不错,整体,正面
513,_,好用,整体,正面
513,_,好用哦，过年美美哒,整体,正面
514,_,不油腻,使用体验,正面
514,_,不油腻 很好用,使用体验,正面
514,_,很好用,整体,正面
514,_,很好用对于图个打底,整体,正面
514,_,清清爽爽,使用体验,正面
514,_,清清爽爽不油腻,使用体验,正面
514,_,清清爽爽不油腻 很好用,使用体验,正面
515,_,很好用,整体,正面
515,包装,很满意,包装,正面
515,包装,很满意，物流也很快,包装,正面
515,物流,很快,物流,正面
516,_,比较优惠,价格,正面
516,_,比较优惠，物流快,价格,正面
516,物流,快,物流,正面
516,物流,快。配送员服务好,物流,正面
517,_,好用,整体,正面
518,_,很实惠,价格,正面
519,_,满意,整体,正面
519,_,真棒,整体,正面
519,_,真棒 一直在用 满意,整体,正面
520,_,还不错,整体,正面
521,_,_,_,_
522,_,很温和,使用体验,正面
522,_,很温和，味道很好闻,使用体验,正面
522,_,是正品,真伪,正面
522,味道,很好闻,气味,正面
522,味道,很好闻是正品,气味,正面
523,_,_,_,_
524,_,_,_,_
525,_,很好,整体,正面
526,_,很喜欢,整体,正面
527,_,_,_,_
528,_,_,_,_
529,_,容易推开,使用体验,正面
529,味道,很好,气味,正面
529,味道,很好，容易推开,气味,正面
530,_,不过敏,使用体验,正面
530,_,不过敏好用,使用体验,正面
530,_,便宜,价格,正面
530,_,好用,整体,正面
530,_,很好的,整体,正面
530,_,很好的啊，不过敏好用,整体,正面
531,_,不错,整体,正面
531,_,很自然,功效,正面
531,_,很自然，不错,功效,正面
532,祛痘印效果,不错,功效,正面
533,_,还不错,整体,正面
533,_,还不错，价格实惠,整体,正面
533,价格,实惠,价格,正面
533,价格,实惠，性价比不错,价格,正面
533,性价比,实惠,价格,正面
534,_,挺好的,整体,正面
534,_,挺好的，色也很正,整体,正面
534,_,方便,使用体验,正面
535,_,_,_,_
536,_,_,_,_
537,_,还行,整体,正面
537,_,还行，不是很白,整体,正面
537,味道,可以,气味,正面
538,性价比,非常高,价格,正面
538,物流,非常快,物流,正面
539,_,不错,整体,正面
539,_,不错，不过遮暇一般,整体,正面
540,_,_,_,_
541,_,不错,整体,正面
541,_,不错不错,整体,正面
541,_,不错不错收货不错,整体,正面
541,_,挺好的,整体,正面
542,_,不油腻,使用体验,正面
542,_,保湿清爽不油腻,功效,正面
542,_,清爽,使用体验,正面
542,_,清爽不油腻,使用体验,正面
542,_,补水,功效,正面
542,_,补水保湿,功效,正面
542,_,补水保湿清爽,功效,正面
542,_,补水保湿清爽不油腻,功效,正面
543,_,_,_,_
544,_,挺好用,整体,正面
544,_,挺好用的,整体,正面
544,_,补水,功效,正面
545,_,_,_,_
546,补水效果,不错,功效,正面
547,_,实惠,价格,正面
547,_,正品,真伪,正面
547,_,正品实惠,真伪,正面
548,_,很实惠,价格,正面
548,_,很满意,整体,正面
548,_,很满意 也很实惠,整体,正面
549,_,_,_,_
550,_,很满意,整体,正面
551,_,不好,整体,负面
551,_,不好，会过敏,整体,负面
552,_,物廉价美,价格,正面
553,_,_,_,_
554,_,不卡粉,使用体验,正面
554,_,不卡粉，上装很自然,使用体验,正面
554,_,很喜欢,整体,正面
554,_,很好用,整体,正面
554,_,很好用，不卡粉,整体,正面
554,_,很自然,功效,正面
554,_,滑滑的,使用体验,正面
554,_,滑滑的，很喜欢,使用体验,正面
555,_,挺滋润,使用体验,正面
555,_,还不错,整体,正面
555,_,还不错，挺滋润,整体,正面
556,_,挺好的,整体,正面
556,包装,很精致,包装,正面
557,_,很好,整体,正面
557,快递,很快,物流,正面
558,_,很好用,整体,正面
559,_,不错,整体,正面
560,_,不怎么好用,整体,负面
561,_,很舒服,使用体验,正面
562,吸收,挺好,使用体验,正面
563,_,_,_,_
564,_,_,_,_
565,_,不错,整体,正面
566,_,还可以,整体,正面
566,_,还可以，包装也很不错,整体,正面
566,包装,很不错,包装,正面
567,_,不怎么的好,整体,负面
568,_,不错,整体,正面
568,_,挺好的,整体,正面
568,_,挺好的，调整肤色,整体,正面
568,_,蛮好用,整体,正面
568,_,蛮好用呢,整体,正面
568,_,调整肤色,功效,正面
568,_,调整肤色，蛮好用,功效,正面
569,_,不是很白,功效,负面
569,_,不是遮暇的，太差劲了,功效,负面
570,_,有点太白了,功效,负面
571,_,很不错,整体,正面
572,_,不好用,整体,负面
572,_,不好用 没有泡泡,整体,负面
573,_,不错,整体,正面
573,_,不错，对于皮暗黄,整体,正面
573,_,很好,整体,正面
573,_,很好，效果不错,整体,正面
573,_,很适用,整体,正面
573,_,很适用，气味也很清香,整体,正面
573,气味,很清香,气味,正面
574,_,好划算,价格,正面
575,_,_,_,_
576,_,还蛮好的,整体,正面
577,_,不刺激,使用体验,正面
577,_,不刺激 清洁能力强,使用体验,正面
577,_,温和,使用体验,正面
577,_,温和不刺激,使用体验,正面
577,_,温和不刺激 清洁能力强,使用体验,正面
577,_,非常的好用,整体,正面
577,_,非常的好用，泡沫细腻,整体,正面
577,泡沫,细腻,使用体验,正面
577,泡沫,细腻，温和,使用体验,正面
577,泡沫,细腻，温和不刺激,使用体验,正面
577,清洁能力,强,功效,正面
578,_,挺干,使用体验,负面
578,_,挺干的,使用体验,负面
578,持妆效果,还可以,功效,正面
579,_,特别好用,整体,正面
580,_,不错,整体,正面
581,_,挺不错,整体,正面
581,_,挺不错身,整体,正面
582,_,好用,整体,正面
582,_,好用，用完皮肤滑滑的,整体,正面
582,_,滑滑的,使用体验,正面
582,_,滑滑的，保湿效果很好,使用体验,正面
582,保湿效果,很好,功效,正面
583,_,很满意,整体,正面
584,_,满意,整体,正面
585,_,_,_,_
586,_,很喜欢,整体,正面
586,_,很好,整体,正面
586,_,很好，妈妈很喜欢,整体,正面
587,_,很不错,整体,正面
588,上妆效果,还好,功效,正面
588,持久情况,还好,功效,正面
589,_,是正品,真伪,正面
590,_,好用,整体,正面
590,_,好用，特别润,整体,正面
590,_,特别润,使用体验,正面
590,_,特别润，补水效果好,使用体验,正面
590,补水效果,好,功效,正面
590,补水效果,好，每天用，也不心疼,功效,正面
591,_,_,_,_
592,_,不刺激,使用体验,正面
592,_,不刺激皮肤,使用体验,正面
592,_,好用,整体,正面
592,_,好用不刺激,整体,正面
592,_,好用不刺激皮肤,整体,正面
593,_,不错,整体,正面
593,包装,很漂亮,包装,正面
594,保湿效果,不错,功效,正面
595,_,挺细腻,使用体验,正面
595,快递小哥,飞快,物流,正面
595,快递小哥,飞快，产品挺细腻,物流,正面
595,快递小哥辛苦速度,飞快,物流,正面
595,快递小哥辛苦速度,飞快，产品挺细腻,物流,正面
596,_,好评,整体,正面
597,_,很好,整体,正面
598,_,_,_,_
599,_,挺白,功效,正面
599,_,挺白的,功效,正面
599,隔离效果,不好,功效,正面
600,_,可以,整体,正面
600,_,可以，挺好的,整体,正面
600,_,挺好的,整体,正面
601,_,不油腻,使用体验,正面
601,_,不油腻而且细腻均匀,使用体验,正面
601,_,喜欢,整体,正面
601,_,喜欢?，不油腻,整体,正面
601,_,大爱,整体,正面
601,_,很自然,使用体验,正面
601,_,很自然,功效,正面
601,_,很自然，大爱,使用体验,正面
601,_,很自然，大爱,功效,正面
601,_,细腻均匀,使用体验,正面
601,_,细腻均匀，用完很自然,使用体验,正面
602,_,很自然,功效,正面
602,_,很自然，很香,功效,正面
602,_,很香,气味,正面
602,_,还不错,整体,正面
603,_,_,_,_
604,_,很舒服,使用体验,正面
604,_,真心不错,整体,正面
604,保湿效果,真的不错,功效,正面
605,_,保湿,功效,正面
605,_,非常不错,整体,正面
606,_,好用,整体,正面
606,_,好用，涂少量就很自然,整体,正面
606,_,好评,整体,正面
606,_,很自然,功效,正面
606,_,很自然，也耐用,功效,正面
606,_,很自然，也耐用，好评,功效,正面
607,_,非常值,价格,正面
607,_,非常好,整体,正面
607,_,非常好，非常快,整体,正面
607,_,非常快,物流,正面
607,_,非常快，非常值,物流,正面
608,_,不错,整体,正面
608,_,不错，一直用，方便,整体,正面
609,_,很补水,功效,正面
609,_,很补水，精华很多,功效,正面
609,_,挺好,整体,正面
609,_,挺好，很补水,整体,正面
609,价格,实惠,价格,正面
609,精华,很多,成分,正面
609,精华,很多，价格实惠,成分,正面
610,_,喜欢,整体,正面
610,_,喜欢哦,整体,正面
610,_,超级好,整体,正面
611,包装,非常好,包装,正面
611,包装,非常好的,包装,正面
612,价格,有点贵,价格,正面
613,_,还不错,整体,正面
614,_,不错,整体,正面
614,_,不错  超级好用,整体,正面
614,_,超级好用,整体,正面
615,_,还可以,整体,正面
615,_,还可以 味道好闻,整体,正面
615,味道,好闻,气味,正面
616,_,还不错,整体,正面
617,_,很喜欢,整体,正面
618,价格,好划算,价格,正面
618,补水效果,挺好的,功效,正面
619,_,不好用,整体,负面
619,_,不好用，浮粉严重,整体,负面
620,_,很好,整体,正面
621,_,还不错,整体,正面
622,_,特优惠,价格,正面
623,保湿效果,非常好,功效,正面
624,_,不错,整体,正面
625,_,划算,价格,正面
625,_,很推荐,整体,正面
625,_,很舒服,使用体验,正面
625,_,很舒服，总之很推荐,使用体验,正面
626,_,不干,使用体验,正面
626,_,很好用,整体,正面
626,_,很好用  洗完脸不干,整体,正面
627,_,_,_,_
628,_,物美价廉,价格,正面
628,物流,非常满意,物流,正面
629,_,很不错,整体,正面
629,_,很不错的,整体,正面
630,包装,到位,包装,正面
630,物流,快捷,物流,正面
630,物流,快捷给力,物流,正面
630,物流,快捷给力，包装到位,物流,正面
630,物流,给力,物流,正面
630,物流,给力，包装到位,物流,正面
630,物流,给力，包装到位严实,物流,正面
631,_,_,_,_
632,_,不干,使用体验,正面
632,_,不干  轻薄,使用体验,正面
632,_,不干  轻薄透气,使用体验,正面
632,_,特别服帖,使用体验,正面
632,_,特别服帖  一点也不干,使用体验,正面
632,_,轻薄,使用体验,正面
632,_,轻薄透气,使用体验,正面
632,_,透气,使用体验,正面
633,_,便宜,价格,正面
633,_,便宜很多,价格,正面
634,_,_,_,_
635,_,不紧绷,使用体验,正面
636,_,不错,整体,正面
636,_,拔干,使用体验,负面
636,_,拔干，遮瑕一般,使用体验,负面
637,_,很好,整体,正面
637,_,很好，非常好,整体,正面
637,_,非常好,整体,正面
637,_,非常好，越来越好,整体,正面
638,_,水水的,使用体验,正面
638,_,水水的润润的,使用体验,正面
638,送货速度,快,物流,正面
638,送货速度,快，**小哥服务好,物流,正面
639,_,很满意,整体,正面
639,_,非常棒,整体,正面
640,_,_,_,_
641,_,_,_,_
642,_,不错,整体,正面
643,_,还不错,整体,正面
644,_,不错,整体,正面
645,_,_,_,_
646,_,非常喜欢,整体,正面
647,_,不错,整体,正面
647,_,是正品,真伪,正面
648,_,很舒服,使用体验,正面
649,_,_,_,_
650,_,很好,整体,正面
651,_,真心好用,整体,正面
651,_,真心好用，提亮,整体,正面
652,_,很好,整体,正面
653,_,喜欢,整体,正面
653,清洁力,强,功效,正面
653,清洁力,强，有淡香,功效,正面
653,清洁力,强，有淡香，喜欢,功效,正面
654,_,很划算,价格,正面
654,_,挺好用,整体,正面
654,_,挺好用的,整体,正面
655,味道,淡淡的,气味,正面
655,味道,淡淡的，不起沫,气味,正面
656,_,不错,整体,正面
656,_,不错，皮肤不在那么干,整体,正面
657,_,挺好用,整体,正面
657,_,挺好用的,整体,正面
657,_,挺好的,整体,正面
657,保湿效果,不错,功效,正面
658,_,不怎么干,使用体验,正面
658,_,挺保湿,功效,正面
658,_,挺保湿的,功效,正面
658,_,挺保湿的，不怎么干,功效,正面
659,_,不错,整体,正面
660,_,正品,真伪,正面
660,_,正品 给老妈用的放心,真伪,正面
661,_,还不错,整体,正面
661,_,还不错，还可以,整体,正面
662,包装,很好,包装,正面
662,物流,快,物流,正面
663,_,很好,整体,正面
663,_,很好哦，非常不错,整体,正面
663,_,非常不错,整体,正面
664,_,保湿,功效,正面
664,_,挺好的,整体,正面
664,_,挺好的，泡沫多,整体,正面
665,_,_,_,_
666,_,优惠,价格,正面
666,_,很贴合,使用体验,正面
666,_,很贴合，保湿效果很好,使用体验,正面
666,保湿效果,很好,功效,正面
666,保湿效果,很好。关键是优惠,功效,正面
667,_,很好用,整体,正面
668,_,不刺激,使用体验,正面
668,_,不刺激、**物流也快,使用体验,正面
668,_,很棒的,整体,正面
668,物流,快,物流,正面
669,_,还不错,整体,正面
669,_,还不错。很细,整体,正面
670,_,很不错,整体,正面
670,_,很不错，满意,整体,正面
670,_,满意,整体,正面
671,快递,挺快,物流,正面
671,快递,挺快的,物流,正面
672,_,不错,整体,正面
672,_,好用,整体,正面
672,_,好用，补水效果棒,整体,正面
672,精华,比较多,成分,正面
672,精华,比较多，不错,成分,正面
672,补水效果,棒,功效,正面
672,补水效果,棒，精华也比较多,功效,正面
673,_,很好,整体,正面
673,_,很好，很满意,整体,正面
673,_,很满意,整体,正面
674,_,优惠,价格,正面
674,_,优惠一点,价格,正面
674,_,优惠一点，气味还好,价格,正面
674,_,便宜,价格,正面
674,_,便宜一些,价格,正面
674,_,便宜一些，优惠,价格,正面
674,_,便宜一些，优惠一点,价格,正面
674,气味,还好,气味,正面
675,_,不好用,整体,负面
676,_,很划算,价格,正面
676,_,很舒服,使用体验,正面
677,_,好，包装完整,整体,正面
677,价格,实惠,价格,正面
677,价格,实惠，快递很快,价格,正面
677,包装,完整,包装,正面
677,包装,完整，价格实惠,包装,正面
677,快递,很快,物流,正面
677,快递,很快，赠品多,物流,正面
678,_,不错,整体,正面
678,_,划算,价格,正面
679,_,很喜欢,整体,正面
680,_,不卡粉,使用体验,正面
680,_,不卡粉价钱优惠,使用体验,正面
680,价钱,优惠,价格,正面
681,快递小哥,超快,物流,正面
681,快递小哥,超级暖心,物流,正面
681,速度,超快,物流,正面
682,_,超值,价格,正面
683,_,挺好的,整体,正面
684,_,不浮粉,使用体验,正面
684,_,很轻薄,使用体验,正面
684,_,很轻薄，不浮粉,使用体验,正面
685,_,便宜,价格,正面
685,_,比较粘,使用体验,负面
685,_,比较粘。真的便宜,使用体验,负面
685,_,真的便宜,价格,正面
685,_,还行,整体,正面
685,_,还行，比较粘,整体,正面
686,_,挺好用,整体,正面
686,_,挺好用的,整体,正面
686,遮瑕效果,不错,功效,正面
686,遮瑕效果,不错，颜色也很提亮,功效,正面
687,_,很舒服,使用体验,正面
687,_,很舒服的,使用体验,正面
687,_,很薄,使用体验,正面
687,_,很薄很舒服,使用体验,正面
687,_,很薄很舒服的,使用体验,正面
687,_,非常好,整体,正面
687,_,非常好的,整体,正面
687,_,非常好的，很薄,整体,正面
687,_,非常好的，很薄很舒服,整体,正面
688,_,很好用,整体,正面
689,_,很好,整体,正面
689,_,很好用,整体,正面
689,价格,很优惠,价格,正面
689,价格,很优惠，也很好用,价格,正面
690,_,还不错,整体,正面
691,_,不错,整体,正面
691,物流,很快,物流,正面
691,物流,很快东西不错,物流,正面
692,_,不错,整体,正面
692,物流,真是快,物流,正面
692,物流,真是快，东西也不错,物流,正面
693,_,很好用,整体,正面
693,遮暇效果,非常不错,功效,正面
694,_,便宜,价格,正面
694,_,便宜又好用,价格,正面
694,_,好用,整体,正面
695,_,便宜,价格,正面
695,_,便宜一点点,价格,正面
695,_,特别好用,整体,正面
695,_,特别好用 比实体店便宜,整体,正面
696,_,实惠,价格,正面
697,_,挺好的,整体,正面
697,包装,很精致,包装,正面
698,_,好评,整体,正面
699,_,5星好评,整体,正面
700,_,不好用,整体,负面
700,_,不好用 失望,整体,负面
701,_,好用,整体,正面
701,_,好用的,整体,正面
701,_,好用的，瓶子超级好看,整体,正面
702,_,好评,整体,正面
702,_,好评好评,整体,正面
702,_,很不错,整体,正面
702,_,很好,整体,正面
702,_,很好，很不错,整体,正面
703,_,划算,价格,正面
703,_,划算很多,价格,正面
703,_,还可以,整体,正面
703,活动,可以,价格,正面
703,活动,还是可以的,价格,正面
703,活动力度,可以,价格,正面
703,活动力度,可以的,价格,正面
703,活动力度,还是可以的,价格,正面
704,_,_,_,_
705,物流,真是快,物流,正面
705,物流速度,真是快,物流,正面
706,物流,挺快,物流,正面
706,物流,挺快的,物流,正面
706,补水效果,不错,功效,正面
706,补水效果,不错，物流也挺快,功效,正面
706,补水效果,不错，物流也挺快的,功效,正面
707,_,不错,整体,正面
707,_,不错，满意,整体,正面
707,_,满意,整体,正面
708,_,还不错,整体,正面
709,_,很好,整体,正面
709,_,很好，很服贴,整体,正面
709,_,很服贴,使用体验,正面
709,_,很服贴，精华液很卵,使用体验,正面
709,精华液,很卵,成分,正面
709,精华液,很卵，比想象的还要好,成分,正面
710,_,_,_,_
711,_,很划算,价格,正面
711,_,挺好的,整体,正面
712,物流,很快,物流,正面
712,物流,很快。商品好,物流,正面
713,_,挺好用,整体,正面
713,_,挺好用，卸的挺干净的,整体,正面
713,_,还挺好用,整体,正面
714,_,不错,整体,正面
715,_,不错,整体,正面
715,_,不错，物流超快,整体,正面
715,物流,超快,物流,正面
716,补水效果,还不错,功效,正面
717,_,滑滑滴,使用体验,正面
717,_,滑滑滴，还算满意,使用体验,正面
717,泡沫,细腻,使用体验,正面
718,_,挺好的,整体,正面
718,_,挺好的，改变肤色,整体,正面
718,_,改变肤色,功效,正面
719,_,不好,整体,负面
719,_,不好，脸过敏了,整体,负面
719,_,过敏了,使用体验,负面
720,_,不油腻,使用体验,正面
720,_,不油腻，挺好的,使用体验,正面
720,_,挺好的,整体,正面
720,_,超实惠,价格,正面
720,美白效果,不错,功效,正面
721,_,不错,整体,正面
722,_,清爽,使用体验,正面
722,_,长痘痘,使用体验,负面
723,_,一般,整体,中性
724,_,还不错,整体,正面
725,_,不过敏,使用体验,正面
725,_,好评,整体,正面
725,_,好评，真的挺好用的,整体,正面
725,_,挺好用,整体,正面
725,_,挺好用的,整体,正面
725,_,挺好用的，也不过敏,整体,正面
726,_,是正品,真伪,正面
726,价钱,便宜,价格,正面
726,发货,快,物流,正面
726,发货,快，是正品,物流,正面
727,_,很好用,整体,正面
728,_,还可以,整体,正面
729,_,很好用,整体,正面
730,_,真心的不错,整体,正面
731,_,一般,整体,中性
731,_,一般，不怎么控油,整体,中性
731,_,有点涩,使用体验,负面
732,_,很不错,整体,正面
732,_,很喜欢,整体,正面
733,_,一般,整体,中性
734,_,光滑,使用体验,正面
734,_,光滑水润,使用体验,正面
734,_,光滑水润。性价比高,使用体验,正面
734,_,很好用,整体,正面
734,_,水润,使用体验,正面
734,_,水润。性价比高,使用体验,正面
734,_,细腻,使用体验,正面
734,_,细腻光滑,使用体验,正面
734,_,细腻光滑水润,使用体验,正面
734,性价比,高,价格,正面
735,_,便宜,价格,正面
735,_,很划算,价格,正面
735,_,还不错,整体,正面
735,_,还好,整体,正面
735,_,还好吧,整体,正面
735,_,还好吧，毕竟便宜,整体,正面
736,物流,挺快,物流,正面
737,_,差评,整体,负面
738,_,很不错,整体,正面
738,_,很不错，物流也快,整体,正面
738,_,很实惠,价格,正面
738,水分,很足,成分,正面
738,水分,很足，用着很不错,成分,正面
738,物流,快,物流,正面
738,物流,快，还很实惠,物流,正面
739,_,很满意,整体,正面
739,_,非常喜欢,整体,正面
739,_,非常喜欢，很满意,整体,正面
740,_,挺满意的,整体,正面
741,补水效果,不错,功效,正面
742,物流,很快,物流,正面
743,_,好用,整体,正面
743,_,好用 清洁能力：好用,整体,正面
744,_,保湿,功效,正面
744,_,保湿，真的很棒,功效,正面
744,_,很不错,整体,正面
744,_,很不错啊，味道也好闻,整体,正面
744,_,很棒,整体,正面
744,_,遮瑕,功效,正面
744,_,遮瑕保湿,功效,正面
744,_,遮瑕保湿，真的很棒,功效,正面
744,味道,好闻,气味,正面
744,味道,好闻，遮瑕,气味,正面
744,味道,好闻，遮瑕保湿,气味,正面
745,_,挺好用,整体,正面
745,_,挺好用的,整体,正面
746,_,不错,整体,正面
747,发货,挺快,物流,正面
747,发货速度,挺快,物流,正面
748,_,挺好推开,使用体验,正面
748,_,挺好推开的,使用体验,正面
749,_,_,_,_
750,_,很好,整体,正面
750,_,很好，是正品,整体,正面
750,_,是正品,真伪,正面
751,_,很不错,整体,正面
751,_,很不错，性价比很高,整体,正面
751,性价比,很高,价格,正面
751,送货,非常快,物流,正面
751,送货,非常快，服务好,物流,正面
752,_,蛮清爽,使用体验,正面
752,_,还好,整体,正面
752,_,还好!蛮清爽,整体,正面
753,_,很喜欢,整体,正面
753,价格,便宜,价格,正面
753,价格,便宜，物流速度快,价格,正面
753,物流,快,物流,正面
753,物流,快，购物体验感好,物流,正面
753,物流速度,快,物流,正面
753,物流速度,快，购物体验感好,物流,正面
754,_,还好,整体,正面
754,_,还好吧,整体,正面
755,_,实惠,价格,正面
755,_,实惠，很好,价格,正面
755,_,很好,整体,正面
755,_,很快,物流,正面
755,_,很快，很方便,物流,正面
756,_,_,_,_
757,_,_,_,_
758,_,很不错,整体,正面
758,_,很不错，棒棒哒,整体,正面
758,快递,点个赞,物流,正面
758,快递,点个赞，超级快,物流,正面
758,快递,超级快,物流,正面
759,_,还可以,整体,正面
760,_,不错,整体,正面
760,_,不错活动买实惠,整体,正面
761,活动,给力,价格,正面
762,_,不刺激,使用体验,正面
762,_,不刺激，包装很好,使用体验,正面
762,_,不错,整体,正面
762,_,温和,使用体验,正面
762,_,温和不刺激,使用体验,正面
762,_,温和不刺激，包装很好,使用体验,正面
762,包装,很好,包装,正面
762,包装,很好。质量不错,包装,正面
763,_,不错,整体,正面
764,_,还还好吧,整体,正面
765,_,很不错,整体,正面
765,_,很不错的,整体,正面
765,发货,很快,物流,正面
766,_,很值,价格,正面
766,_,超级赞,整体,正面
767,_,好用,整体,正面
768,_,不错,整体,正面
769,_,不错,整体,正面
769,_,好用,整体,正面
769,_,好用些,整体,正面
770,_,很喜欢,整体,正面
771,物流,很快,物流,正面
771,物流,很快，，隔离效果很棒,物流,正面
771,隔离效果,很棒,功效,正面
772,_,_,_,_
773,_,大爱,整体,正面
773,_,太棒了,整体,正面
773,_,太棒了！大爱,整体,正面
773,提亮肤色,满分,功效,正面
773,提亮肤色,满分，真的太棒了,功效,正面
774,_,还不错,整体,正面
775,价格,实惠,价格,正面
775,价格,实惠质量有保障,价格,正面
775,价格,实惠质量有保障服务好,价格,正面
775,送货,快,物流,正面
776,_,_,_,_
777,_,挺水润,使用体验,正面
778,_,_,_,_
779,_,喜欢,整体,正面
779,_,好用,整体,正面
779,保湿效果,很好,功效,正面
779,保湿效果,很好，喜欢,功效,正面
780,_,很自然,功效,正面
780,_,很自然 很贴妆,功效,正面
780,_,很贴妆,使用体验,正面
780,_,很贴妆  不打粉底都好看,使用体验,正面
780,_,自然  颜色味道都喜欢,功效,正面
780,味道,喜欢,气味,正面
781,_,便宜,价格,正面
782,_,真心不错,整体,正面
783,补水效果,很不错,功效,正面
783,补水效果,很不错的,功效,正面
784,补水效果,挺不错,功效,正面
784,补水效果,挺不错的,功效,正面
784,补水效果,挺不错的，很愉快,功效,正面
785,_,挺喜欢,整体,正面
785,_,挺喜欢的,整体,正面
785,_,挺喜欢的，瓶子很好看,整体,正面
785,_,挺好的,整体,正面
785,_,挺好的，挺喜欢,整体,正面
785,_,挺好的，挺喜欢的,整体,正面
785,_,挺舒服,使用体验,正面
785,_,挺舒服的,使用体验,正面
785,_,挺舒服的，感觉还不错,使用体验,正面
785,_,还不错,整体,正面
786,_,服帖,使用体验,正面
786,_,服帖自然色,使用体验,正面
787,_,很干,使用体验,负面
787,_,很干很干,使用体验,负面
787,_,很干很干，不值,使用体验,负面
788,_,还不错,整体,正面
788,_,还不错！速度很快,整体,正面
788,速度,很快,物流,正面
789,_,挺好用,整体,正面
789,_,挺好用的,整体,正面
790,_,不好,整体,负面
790,_,不好便宜,整体,负面
790,_,不好便宜没好货,整体,负面
791,_,不是太干,使用体验,正面
792,_,_,_,_
793,_,很好用,整体,正面
793,味道,很好闻，很好用,气味,正面
793,味道,淡淡的,气味,正面
794,_,过敏,使用体验,负面
795,味道,香香的,气味,正面
796,_,非常满意,整体,正面
796,物流,很快,物流,正面
796,物流,很快，非常满意,物流,正面
796,补水效果,真的好,功效,正面
796,补水效果,真的好，物流也很快,功效,正面
797,_,很适合,整体,正面
798,_,_,_,_
799,_,很不错,整体,正面
799,_,很不错得，补水,整体,正面
799,_,补水,功效,正面
800,_,还不错,整体,正面
801,盒子,很好看,包装,正面
802,_,很好,整体,正面
802,_,很好，还有股淡淡,整体,正面
802,_,很好，还有股淡淡的,整体,正面
802,价格,很美丽,价格,正面
803,_,很好,整体,正面
803,_,很好很舒服,整体,正面
804,_,比较优惠,价格,正面
804,_,比较优惠，物流快,价格,正面
804,物流,快,物流,正面
804,物流,快。配送员服务好,物流,正面
805,_,挺好的,整体,正面
805,价格,实惠,价格,正面
806,_,挺好用,整体,正面
806,_,挺好用的,整体,正面
806,_,挺好用的，应该还可以,整体,正面
806,_,还可以,整体,正面
807,_,_,_,_
808,_,很好,整体,正面
809,_,好评,整体,正面
810,_,喜欢,整体,正面
810,_,喜欢有股淡淡,整体,正面
810,_,喜欢的,整体,正面
810,_,很好,整体,正面
810,_,很好喜欢,整体,正面
810,_,很好喜欢有股淡淡,整体,正面
810,_,很好喜欢有股淡淡的,整体,正面
811,_,很薄,使用体验,正面
811,_,很薄。补水效果也不错,使用体验,正面
811,_,非常好用,整体,正面
811,_,非常好用，很薄,整体,正面
811,补水效果,不错,功效,正面
812,_,还不错,整体,正面
813,_,挺好用,整体,正面
813,_,挺好用的,整体,正面
813,_,挺好用的，比较水润,整体,正面
813,_,比较水润,使用体验,正面
813,物流,很快,物流,正面
814,_,很划算,价格,正面
815,包装,完好,包装,正面
816,_,_,_,_
817,物流,太给力,物流,正面
817,物流,太给力了,物流,正面
817,物流,太给力了，超级快,物流,正面
817,物流,超级快,物流,正面
818,_,不刺激,使用体验,正面
818,_,不刺激皮肤,使用体验,正面
818,_,不错,整体,正面
818,_,不错很温和,整体,正面
818,_,不错很温和不刺激,整体,正面
818,_,很温和,使用体验,正面
818,_,很温和不刺激,使用体验,正面
819,_,好用,整体,正面
819,_,好用补水效果棒棒哒,整体,正面
819,补水效果,棒棒哒,功效,正面
820,_,实惠,价格,正面
820,_,实惠，效果好,价格,正面
821,_,还不错,整体,正面
822,_,很好,整体,正面
822,_,很好呦！用上很服帖,整体,正面
822,_,很服帖,使用体验,正面
822,_,很服帖，没有浮粉,使用体验,正面
823,_,很喜欢,整体,正面
824,_,很好用,整体,正面
825,_,不错,整体,正面
825,_,不错，非常满意,整体,正面
825,_,非常满意,整体,正面
826,_,_,_,_
827,_,不错,整体,正面
827,_,很好推开,使用体验,正面
827,_,很好推开，细腻,使用体验,正面
827,_,棒棒哒,整体,正面
827,_,细腻,使用体验,正面
827,_,细腻。虽然不遮暇,使用体验,正面
828,速度,挺快,物流,正面
829,补水效果,挺好的,功效,正面
830,物流,很快,物流,正面
830,物流,很快，小哥人很好,物流,正面
831,_,是正品,真伪,正面
832,_,还可以,整体,正面
833,_,_,_,_
834,_,挺好的,整体,正面
834,_,是正品,真伪,正面
834,_,是正品，挺好的,真伪,正面
835,_,好用,整体,正面
835,_,挺好的,整体,正面
836,_,容易吸收,使用体验,正面
836,_,容易吸收，很好推开,使用体验,正面
836,_,很好推开,使用体验,正面
836,_,很好推开，含有抗衰老,使用体验,正面
836,保湿程度,一般,功效,正面
837,_,很喜欢,整体,正面
837,_,还不错,整体,正面
838,_,很好,整体,正面
839,_,还行,整体,正面
839,上妆效果,挺好的,功效,正面
840,包装,还可以,包装,正面
841,_,超级好用,整体,正面
842,_,还行吧,整体,正面
842,_,还行吧，太香了,整体,正面
843,_,不错,整体,正面
843,物流,蛮快,物流,正面
843,物流,蛮快的,物流,正面
843,物流,蛮快的嘛！东西也不错,物流,正面
844,_,不干,使用体验,正面
844,_,不干，香香的,使用体验,正面
844,_,超级好用,整体,正面
844,_,香香的,气味,正面
845,_,很不错,整体,正面
845,_,是正品,真伪,正面
846,_,便宜,价格,正面
846,_,便宜，好评,价格,正面
846,_,很划算,价格,正面
846,_,很划算40贴65元便宜,价格,正面
846,物流,超级快,物流,正面
846,物流,超级快，习惯5星好评,物流,正面
847,_,很实惠,价格,正面
848,_,不错,整体,正面
848,_,不错，保湿挺好的,整体,正面
848,保湿,挺好的,功效,正面
848,快递,很快,物流,正面
849,活动,挺划算,价格,正面
849,活动,挺划算的,价格,正面
850,_,_,_,_
851,_,滑滑的,使用体验,正面
851,_,滑滑的还不错,使用体验,正面
851,_,还不错,整体,正面
852,_,很好用,整体,正面
852,_,很好用，非常推荐,整体,正面
852,_,棒棒哒,整体,正面
853,_,不是特别油腻,使用体验,正面
853,_,不是特别油腻，轻薄,使用体验,正面
853,_,轻薄,使用体验,正面
853,_,轻薄好上妆,使用体验,正面
854,_,不错,整体,正面
855,_,是正品,真伪,正面
855,保湿效果,挺好的,功效,正面
856,_,是正品,真伪,正面
856,包装,挺好的,包装,正面
856,包装,挺好的，扫码是正品,包装,正面
857,_,比较满意,整体,正面
857,_,还可以,整体,正面
858,_,很好的,整体,正面
858,_,还不错,整体,正面
858,_,还不错，很好的,整体,正面
859,_,很好,整体,正面
859,_,正品,真伪,正面
859,_,正品，很好,真伪,正面
860,_,很好用,整体,正面
861,_,有点油,使用体验,负面
862,_,_,_,_
863,_,_,_,_
864,_,喜欢,整体,正面
864,_,很好用,整体,正面
864,_,很好用，喜欢,整体,正面
865,_,挺保湿,功效,正面
865,_,挺保湿的,功效,正面
865,_,有点黏腻,使用体验,负面
866,_,不是很贵,价格,正面
866,_,挺好用,整体,正面
866,_,挺好用 也不是很贵,整体,正面
866,_,香香的,气味,正面
866,_,香香的！挺好用,气味,正面
867,_,还可以,整体,正面
867,_,还可以，不能遮暇,整体,正面
868,_,不错,整体,正面
868,_,好超值,价格,正面
868,_,很喜欢,整体,正面
869,_,非常好用,整体,正面
870,_,不错,整体,正面
871,_,便宜,价格,正面
871,_,正品,真伪,正面
871,_,还不错,整体,正面
871,_,还不错，正品,整体,正面
872,_,不刺激,使用体验,正面
872,_,光滑。很保湿,使用体验,正面
872,_,光滑。很保湿不刺激,使用体验,正面
872,_,很保湿,功效,正面
872,_,很保湿不刺激,功效,正面
872,_,水嫩嫩的,使用体验,正面
872,_,水嫩嫩的精华很多,使用体验,正面
872,精华,很多,成分,正面
872,补水效果,非常好,功效,正面
873,_,挺好的,整体,正面
873,_,挺好的，包装精美漂亮,整体,正面
873,包装,精美,包装,正面
873,包装,精美漂亮,包装,正面
874,_,五星好评,整体,正面
874,_,特别好,整体,正面
874,客服,很贴心,服务,正面
874,客服,很贴心，必须五星好评,服务,正面
875,_,柔滑,使用体验,正面
875,_,柔滑，味道清香,使用体验,正面
875,_,细腻,使用体验,正面
875,_,细腻柔滑,使用体验,正面
875,_,细腻柔滑，味道清香,使用体验,正面
875,味道,清香,气味,正面
876,_,_,_,_
877,_,挺好用,整体,正面
877,_,挺好用的,整体,正面
877,_,挺好用的 装的挺多的,整体,正面
878,_,很喜欢,整体,正面
879,_,不错,整体,正面
879,_,不错的BB霜，很轻薄,整体,正面
879,_,很轻薄,使用体验,正面
880,_,_,_,_
881,_,很服帖,使用体验,正面
881,_,真心不错,整体,正面
881,_,真心不错很服帖,整体,正面
881,_,超级划算,价格,正面
882,_,很好用,整体,正面
882,_,非常好,整体,正面
882,_,非常好，面膜很好用,整体,正面
883,_,大爱,整体,正面
883,_,大爱呀  非常喜欢,整体,正面
883,_,非常喜欢,整体,正面
884,送货,很高效,物流,正面
885,_,超舒服,使用体验,正面
885,_,还可以,整体,正面
885,_,还可以的,整体,正面
886,_,还不错,整体,正面
886,_,还不错，非常实惠,整体,正面
886,_,非常实惠,价格,正面
887,_,好用,整体,正面
888,_,好用,整体,正面
888,_,好用遮瑕,整体,正面
888,_,好用遮瑕，自然白,整体,正面
888,_,自然白,功效,正面
888,_,遮瑕,功效,正面
888,_,遮瑕，自然白,功效,正面
889,价格,这么实惠,价格,正面
889,快递速度,这么快,物流,正面
890,_,还行,整体,正面
891,_,很满意,整体,正面
892,_,非常好用,整体,正面
892,_,非常好用了,整体,正面
893,_,很好,整体,正面
894,_,_,_,_
895,_,好用,整体,正面
896,_,好用,整体,正面
897,_,不错,整体,正面
898,_,很喜欢,整体,正面
898,_,很好用,整体,正面
898,_,很好用，很喜欢,整体,正面
899,_,_,_,_
900,_,挺好,整体,正面
901,_,非常滋润,使用体验,正面
902,_,五星好评,整体,正面
902,_,物美价廉,价格,正面
902,_,物美价廉，五星好评,价格,正面
903,_,不刺激,使用体验,正面
903,_,喜欢,整体,正面
904,_,很快,物流,正面
905,_,很满意,整体,正面
906,快寄,很给力,物流,正面
907,_,好用,整体,正面
907,_,好用，是正品,整体,正面
907,_,是正品,真伪,正面
908,_,很保湿,功效,正面
908,_,很保湿，精华很多,功效,正面
908,精华,很多,成分,正面
909,_,好,整体,正面
909,_,好，超喜欢,整体,正面
909,_,超喜欢,整体,正面
909,_,超喜欢棒棒,整体,正面
909,_,超级满意,整体,正面
909,物流,快,物流,正面
910,收货,很及时,物流,正面
910,收货,很及时  很适合,物流,正面
911,_,不错,整体,正面
911,_,不错。美美哒,整体,正面
912,_,很好,整体,正面
912,_,有点油,使用体验,负面
912,_,有点油，其他都很好,使用体验,负面
913,_,不错,整体,正面
913,_,不错，很优惠,整体,正面
913,_,很优惠,价格,正面
914,_,很好,整体,正面
915,_,还不错,整体,正面
916,快递,真是神速,物流,正面
916,快递,神速,物流,正面
917,_,不好用,整体,负面
918,_,真心不错,整体,正面
919,_,还不错,整体,正面
920,_,是正品,真伪,正面
920,_,是正品，就是瓶盖碎了,真伪,正面
920,味道,没错,气味,正面
920,味道,没错是正品,气味,正面
921,_,好用,整体,正面
921,_,是正品,真伪,正面
922,_,还可以,整体,正面
923,快递,很给力,物流,正面
924,_,还不错,整体,正面
924,保湿效果,还不错,功效,正面
925,_,好用,整体,正面
925,_,好用，补水效果很好,整体,正面
925,补水效果,很好,功效,正面
926,_,挺保湿,功效,正面
926,_,挺好的,整体,正面
926,_,挺好的味道不错,整体,正面
926,_,挺好的味道不错挺保湿,整体,正面
926,味道,不错,气味,正面
926,味道,不错挺保湿,气味,正面
927,_,不过敏,使用体验,正面
927,_,不过敏补水,使用体验,正面
927,_,挺好的,整体,正面
927,_,补水,功效,正面
927,味道,好,气味,正面
927,味道,好，不过敏,气味,正面
927,味道,好，不过敏补水,气味,正面
928,_,很好,整体,正面
928,_,很好，非常喜欢,整体,正面
928,_,非常喜欢,整体,正面
929,_,_,_,_
930,_,好 喜欢,整体,正面
931,_,_,_,_
932,物流,快,物流,正面
933,_,非常好吸收,使用体验,正面
934,到账速度,快,物流,正面
935,_,不好用,整体,负面
935,_,不好用 卡粉,整体,负面
936,_,还可以,整体,正面
936,_,还可以的,整体,正面
937,_,不错,整体,正面
937,_,不错的,整体,正面
937,性价比,很高,价格,正面
938,_,不过敏,使用体验,正面
938,_,很好用,整体,正面
938,_,很好用关键不过敏,整体,正面
938,_,很服帖,使用体验,正面
938,_,很服帖精华很多,使用体验,正面
938,_,很服帖精华很多很好用,使用体验,正面
938,精华,很多,成分,正面
938,精华,很多很好用,成分,正面
938,精华,很多很好用关键不过敏,成分,正面
939,_,_,_,_
940,保湿效果,很好,功效,正面
941,_,还不错,整体,正面
941,_,还不错，自然,整体,正面
942,价格,便宜,价格,正面
943,_,一般,整体,中性
943,价格,便宜,价格,正面
944,_,挺好吸收,使用体验,正面
944,_,挺好吸收，并不油腻,使用体验,正面
945,补水效果,不错,功效,正面
946,_,挺划算,价格,正面
946,_,挺划算的,价格,正面
946,_,挺划算的 总体满意,价格,正面
946,_,挺好用,整体,正面
946,_,挺好用的,整体,正面
947,_,很柔软，很薄。满满的,使用体验,正面
947,_,很薄,使用体验,正面
947,补水效果,不错,功效,正面
947,补水效果,不错，包装也好看,功效,正面
948,_,不错,整体,正面
949,_,很实惠,价格,正面
949,_,挺喜欢,整体,正面
949,_,水水美美的,使用体验,正面
950,_,不错,整体,正面
951,_,有点油,使用体验,负面
952,_,好推开,使用体验,正面
952,_,还行,整体,正面
952,_,还行，也好推开,整体,正面
953,_,Very good,整体,正面
954,_,挺舒服,使用体验,正面
954,_,挺舒服的,使用体验,正面
954,_,还不错,整体,正面
954,_,还不错，挺舒服的,整体,正面
955,_,挺好用,整体,正面
955,_,挺好用的,整体,正面
955,_,提亮肤色,功效,正面
955,_,提亮肤色挺好用的,功效,正面
956,_,不错,整体,正面
956,_,很好,整体,正面
957,_,很不错,整体,正面
957,_,很不错，棒棒哒,整体,正面
957,_,快,物流,正面
957,_,棒棒哒,整体,正面
957,速度,快,物流,正面
958,_,挺好的,整体,正面
958,颜色,不自然,功效,负面
959,_,好用,整体,正面
959,_,好用好用,整体,正面
959,_,好用好用挺不错的,整体,正面
959,_,挺不错,整体,正面
959,_,挺不错的,整体,正面
960,_,_,_,_
961,_,不干燥,使用体验,正面
961,_,还不错,整体,正面
961,_,还不错  挺香的,整体,正面
962,_,还不错,整体,正面
963,_,很好用,整体,正面
963,_,很好用，物流很快,整体,正面
963,物流,很快,物流,正面
964,_,不错,整体,正面
964,_,不错的,整体,正面
965,_,挺水嫩,使用体验,正面
965,_,挺水嫩的,使用体验,正面
966,_,会卡粉，看着不自然,使用体验,负面
967,_,_,_,_
968,_,显毛孔,使用体验,负面
968,_,显毛孔,功效,正面
969,_,很滋润,使用体验,正面
970,_,很好用,整体,正面
971,_,挺好用,整体,正面
971,_,挺好用的,整体,正面
971,_,挺好用的，非常满意,整体,正面
971,_,非常满意,整体,正面
972,_,_,_,_
973,_,挺好用,整体,正面
973,_,棒棒哒,整体,正面
974,_,好用,整体,正面
974,_,好用经济,整体,正面
974,_,好用经济又实惠,整体,正面
974,_,实惠,价格,正面
974,_,经济,价格,正面
974,_,经济又实惠,价格,正面
975,_,便宜,价格,正面
975,_,还不错,整体,正面
975,_,还可以,整体,正面
975,_,还可以，便宜,整体,正面
976,_,不黏腻,使用体验,正面
977,_,不清爽,使用体验,负面
977,_,很油,使用体验,负面
977,_,很油，不清爽,使用体验,负面
978,_,_,_,_
979,_,很舒服,使用体验,正面
979,_,很薄,使用体验,正面
979,_,很薄，贴完很舒服,使用体验,正面
979,_,特别好用,整体,正面
979,_,特别好用，很薄,整体,正面
980,_,不错,整体,正面
981,_,_,_,_
982,_,还行,整体,正面
983,_,挺温和,使用体验,正面
983,_,挺温和  用着还可以,使用体验,正面
983,_,还可以,整体,正面
984,_,不错,整体,正面
984,_,好用,整体,正面
984,_,好用，不错,整体,正面
985,_,好评,整体,正面
985,_,挺好用,整体,正面
985,_,挺好用的,整体,正面
985,_,挺好用的，好评,整体,正面
986,_,喜欢,整体,正面
986,_,无异常,整体,正面
986,_,无异常，喜欢,整体,正面
987,_,均匀肤色,功效,正面
987,_,均匀肤色，好用,功效,正面
987,_,好用,整体,正面
987,_,很好用,整体,正面
988,_,很满意,整体,正面
988,卸妆效果,很好,功效,正面
988,卸妆效果,很好，很满意,功效,正面
989,_,_,_,_
990,_,太划算,价格,正面
990,_,很好用,整体,正面
990,味道,好闻,气味,正面
991,_,很好用,整体,正面
992,_,便宜,价格,正面
992,_,便宜不少,价格,正面
993,_,_,_,_
994,价格,超值,价格,正面
994,保湿补水效果,很好,功效,正面
994,保湿补水效果,很好，吸收特别快,功效,正面
994,补水效果,很好,功效,正面
994,补水效果,很好，吸收特别快,功效,正面
995,_,不刺激,使用体验,正面
995,_,好用,整体,正面
995,_,好用，不刺激,整体,正面
996,_,_,_,_
997,_,很好用,整体,正面
997,_,很好用 一直在用  很开心,整体,正面
997,_,很开心,整体,正面
997,_,很开心 肤色很好,整体,正面
998,_,满意,整体,正面
998,吸收,好,使用体验,正面
999,_,还可以,整体,正面
1000,发货,及时,物流,正面
1000,发货,及时 品种还是那么的好,物流,正面
1001,_,一般,整体,中性
1002,_,好评,整体,正面
1003,_,好用,整体,正面
1003,_,很划算,价格,正面
1004,_,很喜欢,整体,正面
1004,_,很喜欢，超强大,整体,正面
1004,_,很服帖,使用体验,正面
1004,_,很润,使用体验,正面
1004,_,很润  很服帖,使用体验,正面
1005,_,不是很好用,整体,负面
1006,_,好评,整体,正面
1006,_,还不错,整体,正面
1006,_,还不错，习惯性好评,整体,正面
1007,_,好用,整体,正面
1007,_,好用，价格亲民,整体,正面
1007,_,很合适,整体,正面
1007,_,很合适，好用,整体,正面
1007,价格,亲民,价格,正面
1008,_,不错,整体,正面
1008,_,不错，东西很好用,整体,正面
1008,_,很好用,整体,正面
1009,_,不油腻,使用体验,正面
1009,_,保湿,功效,正面
1009,_,保湿不油腻,功效,正面
1009,_,好很多,整体,正面
1009,_,好很多，补水,整体,正面
1009,_,好很多，补水保湿,整体,正面
1009,_,补水,功效,正面
1009,_,补水保湿,功效,正面
1009,_,补水保湿不油腻,功效,正面
1010,_,很好,整体,正面
1010,_,很好 性价比高,整体,正面
1010,性价比,高,价格,正面
1010,性价比,高 用起来很方便,价格,正面
1010,性价比,高 用起来很方便 不浪费,价格,正面
1011,_,不理想,整体,负面
1012,_,很好用,整体,正面
1012,_,很好用，也很香,整体,正面
1012,_,很香,气味,正面
1013,_,滋润,使用体验,正面
1013,_,滋润亮白,使用体验,正面
1013,_,滋润亮白保湿 非常不错,使用体验,正面
1013,保湿,非常不错,功效,正面
1014,_,不错,整体,正面
1015,_,不错,整体,正面
1015,快递,很快,物流,正面
1016,_,蛮好用,整体,正面
1016,_,蛮好用的,整体,正面
1016,_,蛮好用的，超喜欢,整体,正面
1016,_,超喜欢,整体,正面
1016,_,超满意,整体,正面
1017,_,很细腻,使用体验,正面
1017,_,挺好用,整体,正面
1017,_,挺好用的,整体,正面
1017,遮瑕效果,挺好,功效,正面
1018,_,不易脱妆,使用体验,正面
1018,_,不错,整体,正面
1018,_,挺自然,功效,正面
1018,_,挺自然的,功效,正面
1019,_,_,_,_
1020,_,很舒服,使用体验,正面
1021,物流,快,物流,正面
1021,物流,快，服务态度好,物流,正面
1022,_,挺划算,价格,正面
1022,_,挺划算的,价格,正面
1023,_,好用,整体,正面
1023,_,好评,整体,正面
1024,活动,炒鸡合适,价格,正面
1025,_,物有所值,整体,正面
1026,_,实惠,价格,正面
1026,_,挺好用,整体,正面
1026,_,挺好用的,整体,正面
1026,_,挺好用的  也实惠,整体,正面
1026,_,还可以,整体,正面
1027,快递员服务,超好,物流,正面
1027,快递员服务,超好，赞,物流,正面
1027,精华,很多,成分,正面
1028,_,挺好用,整体,正面
1028,_,挺好用的,整体,正面
1028,_,挺好用的，提亮效果好,整体,正面
1028,提亮效果,好,功效,正面
1029,_,很喜欢,整体,正面
1029,包装,很好,包装,正面
1029,包装,很好，无破损,包装,正面
1030,_,_,_,_
1031,_,非常不错,整体,正面
1031,_,非常好用,整体,正面
1032,_,不卡粉,使用体验,正面
1033,_,便宜,价格,正面
1033,_,便宜好用,价格,正面
1033,_,便宜好用物美价廉,价格,正面
1033,_,好用,整体,正面
1033,_,好用物美价廉,整体,正面
1033,_,物美价廉,价格,正面
1034,_,好失望,整体,负面
1035,_,易摸散,使用体验,正面
1035,_,超级好用,整体,正面
1035,_,超级好用，易摸散,整体,正面
1036,_,不错挺好用的,整体,正面
1036,_,挺好用,整体,正面
1036,_,挺好用的,整体,正面
1036,_,挺好用的用着还不错,整体,正面
1036,_,还不错,整体,正面
1037,_,_,_,_
1038,_,不错,整体,正面
1038,_,是正品,真伪,正面
1039,_,很服帖,使用体验,正面
1039,_,很服帖，保湿效果还行,使用体验,正面
1039,_,特别划算,价格,正面
1039,保湿效果,还行,功效,正面
1040,_,很好,整体,正面
1040,_,很好，精华也很多,整体,正面
1040,快递,好快,物流,正面
1041,_,不错,整体,正面
1042,_,_,_,_
1043,_,很保湿,功效,正面
1043,_,很保湿面膜很好用,功效,正面
1043,_,很好用,整体,正面
1043,_,水水的,使用体验,正面
1043,_,水水的，很保湿,使用体验,正面
1044,_,很好用,整体,正面
1045,_,很满意,整体,正面
1045,物流,很快,物流,正面
1046,_,是正品,真伪,正面
1047,_,_,_,_
1048,_,不油腻,使用体验,正面
1048,_,清爽,使用体验,正面
1048,_,清爽不油腻,使用体验,正面
1049,_,还好,整体,正面
1049,包装,完好,包装,正面
1050,_,不起脂肪粒,使用体验,正面
1050,_,保湿,功效,正面
1050,_,保湿还不起脂肪粒,功效,正面
1050,_,滋润,使用体验,正面
1050,_,滋润补水,使用体验,正面
1050,_,滋润补水保湿,使用体验,正面
1050,_,补水保湿,功效,正面
1050,_,补水保湿还不起脂肪粒,功效,正面
1050,性价比,很高,价格,正面
1050,性价比,很高，滋润,价格,正面
1050,性价比,很高，滋润补水,价格,正面
1050,性价比,很高，滋润补水保湿,价格,正面
1050,送货,超级快,物流,正面
1051,_,不错,整体,正面
1052,_,还好,整体,正面
1052,_,还好吧,整体,正面
1053,_,好评,整体,正面
1053,_,挺喜欢,整体,正面
1053,_,挺喜欢的,整体,正面
1053,_,挺喜欢的，香香的,整体,正面
1054,_,不紧绷,使用体验,正面
1054,_,不紧绷，挺温和的,使用体验,正面
1054,_,挺温和的,使用体验,正面
1054,_,挺细腻,使用体验,正面
1054,_,挺细腻的,使用体验,正面
1054,味道,很清新,气味,正面
1054,味道,很清新，泡沫起的不多,气味,正面
1054,清洁力度,还可以,功效,正面
1054,清洁力度,还可以，洗完不紧绷,功效,正面
1055,_,一般般,整体,中性
1055,_,一般般，不明显,整体,中性
1056,_,一般般,整体,中性
1057,_,大爱,整体,正面
1057,_,超赞,整体,正面
1057,_,超赞！大爱,整体,正面
1058,优惠活动,太赞,价格,正面
1058,优惠活动,太赞了,价格,正面
1059,_,好评,整体,正面
1060,_,挺不错,整体,正面
1060,_,挺不错的,整体,正面
1060,_,挺不错的，物流很快,整体,正面
1060,物流,很快,物流,正面
1061,_,_,_,_
1062,_,_,_,_
1063,_,超级好用,整体,正面
1063,补水效果,好,功效,正面
1064,_,很满意,整体,正面
1064,服务态度,很好,服务,正面
1065,_,不掉妆,使用体验,正面
1065,_,出汗,使用体验,正面
1065,_,出汗不掉妆,使用体验,正面
1066,提亮的效果,不错,功效,正面
1067,_,不刺激,使用体验,正面
1067,_,不刺激，还好,使用体验,正面
1067,_,不紧绷，很舒服,使用体验,正面
1067,_,很舒服,使用体验,正面
1067,_,挺干净,功效,正面
1067,_,挺干净，不刺激,功效,正面
1067,_,挺干净，不刺激，还好,功效,正面
1068,_,还不错,整体,正面
1069,_,油油的,使用体验,负面
1070,_,非常满意,整体,正面
1071,_,还不错,整体,正面
1072,_,不刺激,使用体验,正面
1072,_,不刺激，挺好用的,使用体验,正面
1072,_,喜欢,整体,正面
1072,_,喜欢，大爱,整体,正面
1072,_,大爱,整体,正面
1072,_,挺好用,整体,正面
1072,_,挺好用的,整体,正面
1072,_,温和,使用体验,正面
1072,_,温和不刺激,使用体验,正面
1072,_,温和不刺激，挺好用的,使用体验,正面
1073,价格,美丽,价格,正面
1074,_,很不错,整体,正面
1075,_,一般,整体,中性
1076,清洁力,不是太好,功效,正面
1077,_,还行,整体,正面
1078,_,挺好用,整体,正面
1078,_,挺好用的,整体,正面
1079,_,还行,整体,正面
1079,_,还行，用起来不会很白,整体,正面
1080,速度,真无敌,物流,正面
1081,_,不理想,整体,负面
1082,_,一如既往的好,整体,正面
1083,_,是正品,真伪,正面
1083,_,还不错,整体,正面
1083,_,还不错，是正品,整体,正面
1084,_,不错,整体,正面
1085,_,一般般,整体,中性
1086,物流,很快,物流,正面
1087,_,还不错,整体,正面
1088,_,还可以,整体,正面
1089,_,好,整体,正面
1090,_,还不错,整体,正面
1091,_,_,_,_
1092,_,特别好,整体,正面
1092,_,特别好，特补水,整体,正面
1092,_,特补水,功效,正面
1093,保湿,不错,功效,正面
1093,补水保湿,不错,功效,正面
1094,物流,给力,物流,正面
1095,_,不错,整体,正面
1096,_,不会油油的,使用体验,正面
1096,_,还不错,整体,正面
1096,_,还不错，通透,整体,正面
1096,_,通透,使用体验,正面
1096,_,通透，不会油油的,使用体验,正面
1097,_,很好,整体,正面
1097,_,舒服,使用体验,正面
1097,_,舒服，很好,使用体验,正面
1097,_,轻薄,使用体验,正面
1097,_,轻薄，贴在脸上舒服,使用体验,正面
1098,_,挺好的,整体,正面
1098,_,挺好的，提亮肤色,整体,正面
1098,_,提亮肤色,功效,正面
1099,_,_,_,_
1100,_,不错,整体,正面
1101,_,物廉价美,价格,正面
1102,_,不错,整体,正面
1102,_,不错，价格也很划得来,整体,正面
1102,_,很清爽,使用体验,正面
1102,_,很清爽，不错,使用体验,正面
1102,价格,很划得来,价格,正面
1103,_,很满意,整体,正面
1104,_,_,_,_
1105,_,划算,价格,正面
1105,_,很好,整体,正面
1105,_,很好，很补水,整体,正面
1105,_,很补水,功效,正面
1105,_,很补水！买了三套划算,功效,正面
1106,_,非常满意,整体,正面
1107,_,好用,整体,正面
1107,_,好用的很,整体,正面
1108,控油效果,还可以,功效,正面
1109,_,_,_,_
1110,_,超级喜欢,整体,正面
1111,_,不过敏,使用体验,正面
1111,_,不过敏，挺实惠的,使用体验,正面
1111,_,挺实惠,价格,正面
1111,_,挺实惠的,价格,正面
1111,_,舒服,使用体验,正面
1111,_,舒服不过敏,使用体验,正面
1111,_,舒服不过敏，挺实惠的,使用体验,正面
1111,_,非常好,整体,正面
1111,_,非常好，舒服,整体,正面
1111,_,非常好，舒服不过敏,整体,正面
1112,包装,还可以,包装,正面
1113,_,真的好,整体,正面
1114,_,点赞,整体,正面
1115,物流,好快,物流,正面
1115,物流,好快，服务态度也好,物流,正面
1116,_,挺好的,整体,正面
1116,_,挺好的，是正品,整体,正面
1116,_,是正品,真伪,正面
1117,物流,很快,物流,正面
1118,_,实惠,价格,正面
1119,_,很服帖,使用体验,正面
1119,_,还不错,整体,正面
1119,_,还不错很服帖,整体,正面
1120,_,不错,整体,正面
1120,_,不错，挺细腻的,整体,正面
1120,_,挺细腻,使用体验,正面
1120,_,挺细腻的,使用体验,正面
1121,_,挺好,整体,正面
1121,_,挺好，淡淡,整体,正面
1121,_,非常好用,整体,正面
1122,_,挺喜欢,整体,正面
1122,_,还不错,整体,正面
1122,_,还不错。发货速度也快,整体,正面
1122,发货,快,物流,正面
1122,发货,快。挺喜欢,物流,正面
1122,发货速度,快,物流,正面
1122,发货速度,快。挺喜欢,物流,正面
1123,_,很好,整体,正面
1123,_,很好的,整体,正面
1123,_,很好的，希望是正品,整体,正面
1124,_,还行,整体,正面
1125,_,好评,整体,正面
1125,_,好评！超级好评,整体,正面
1125,_,相当不错,整体,正面
1125,_,相当不错，物流给力,整体,正面
1125,物流,给力,物流,正面
1125,物流,给力，好评,物流,正面
1125,物流,给力，好评！超级好评,物流,正面
1126,_,不卡粉,使用体验,正面
1126,_,不卡粉挺好的,使用体验,正面
1126,_,挺好的,整体,正面
1127,_,很湿润,使用体验,正面
1128,_,好评,整体,正面
1128,_,好评，效果很好,整体,正面
1128,_,很喜欢,整体,正面
1128,_,很好,整体,正面
1128,_,很好，老婆很喜欢,整体,正面
1129,_,很不错,整体,正面
1130,_,挺好用,整体,正面
1130,_,挺好用的,整体,正面
1130,_,挺好用的，非常满意,整体,正面
1130,_,非常满意,整体,正面
1131,_,有点干,使用体验,负面
1132,_,真心不错,整体,正面
1132,物流,超级快,物流,正面
1133,_,很好用,整体,正面
1133,_,很好用，价格也优惠,整体,正面
1133,_,满意,整体,正面
1133,_,还不错,整体,正面
1133,_,还不错，很好用,整体,正面
1133,价格,优惠,价格,正面
1133,价格,优惠，满意,价格,正面
1134,_,还不错,整体,正面
1134,物流,很快,物流,正面
1135,_,满意,整体,正面
1135,_,满意，还不错,整体,正面
1135,_,还不错,整体,正面
1135,_,还不错，质地轻薄,整体,正面
1135,发货,快,物流,正面
1136,_,轻薄,使用体验,正面
1136,_,轻薄透气,使用体验,正面
1136,_,透气,使用体验,正面
1137,_,不油腻,使用体验,正面
1137,_,清爽,使用体验,正面
1137,_,清爽不油腻,使用体验,正面
1137,卸妆效果,还好,功效,正面
1138,_,很好用,整体,正面
1138,物流,很快,物流,正面
1139,_,_,_,_
1140,_,很划算,价格,正面
1140,_,很好,整体,正面
1140,_,很好！也很划算,整体,正面
1141,_,_,_,_
1142,_,不会有紧绷,使用体验,正面
1142,_,很好用,整体,正面
1142,_,很好用 淡淡,整体,正面
1142,_,很好用 淡淡的,整体,正面
1143,_,好评,整体,正面
1143,_,好评好评,整体,正面
1143,_,很舒服,使用体验,正面
1144,_,还行,整体,正面
1144,_,还行吧 无功无过,整体,正面
1145,_,不错,整体,正面
1145,_,不错，保温效果好,整体,正面
1145,保温效果,好,功效,正面
1145,保温效果,好，精华液也挺多的,功效,正面
1145,精华液,挺多,成分,正面
1145,精华液,挺多的,成分,正面
1146,_,挺好的,整体,正面
1147,_,_,_,_
1148,_,不错,整体,正面
1149,_,不错,整体,正面
1150,_,是正品,真伪,正面
1151,物流,很快,物流,正面
1152,_,非常好用,整体,正面
1153,快递,很给力,物流,正面
1154,_,很喜欢,整体,正面
1155,_,_,_,_
1156,_,是正品,真伪,正面
1157,_,_,_,_
1158,_,非常好用,整体,正面
1158,_,非常好用，味道也好闻,整体,正面
1158,味道,好闻,气味,正面
1159,_,很好用,整体,正面
1159,_,很好用，遮暇效果很好,整体,正面
1159,遮暇效果,很好,功效,正面
1160,_,很不错,整体,正面
1161,_,_,_,_
1162,_,很好用,整体,正面
1163,_,不好用,整体,负面
1163,_,不好用，太干,整体,负面
1163,_,太干,使用体验,负面
1164,_,便宜,价格,正面
1164,速度,真快,物流,正面
1165,_,_,_,_
1166,_,好评,整体,正面
1167,_,很好,整体,正面
1167,_,很好很好,整体,正面
1167,_,很好很好很好,整体,正面
1167,_,很好很好很好物超所值,整体,正面
1167,_,物超所值,整体,正面
1168,_,比较实惠,价格,正面
1168,补水效果,挺好,功效,正面
1169,_,还可以,整体,正面
1169,_,还可以 希望能不错,整体,正面
1169,物流,很快,物流,正面
1170,_,_,_,_
1171,_,光滑,使用体验,正面
1171,_,光滑水润,使用体验,正面
1171,_,挺好的,整体,正面
1171,_,挺好的，皮肤光滑水润,整体,正面
1171,_,水润,使用体验,正面
1172,_,偏干,使用体验,负面
1173,价格,很实惠,价格,正面
1174,_,不错,整体,正面
1174,_,不错老婆比较喜欢,整体,正面
1174,_,比较喜欢,整体,正面
1175,_,不错,整体,正面
1175,_,不错，媳妇很满意,整体,正面
1175,_,很满意,整体,正面
1176,性价比,很高,价格,正面
1177,_,很不错,整体,正面
1178,_,比较喜欢,整体,正面
1179,_,_,_,_
1180,_,_,_,_
1181,_,特划算,价格,正面
1182,_,不怎么好用,整体,负面
1182,_,不起沫,使用体验,负面
1183,_,_,_,_
1184,_,_,_,_
1185,_,不油腻,使用体验,正面
1185,_,不油腻，很喜欢,使用体验,正面
1185,_,很喜欢,整体,正面
1185,_,很喜欢，卸的也很干净,整体,正面
1185,_,很清爽,使用体验,正面
1185,_,很清爽，不油腻,使用体验,正面
1186,快递速度,真快,物流,正面
1187,_,好评,整体,正面
1187,_,赞赞赞,整体,正面
1188,_,便宜,价格,正面
1188,_,便宜了很多,价格,正面
1188,_,便宜了很多。好用,价格,正面
1188,_,好用,整体,正面
1188,_,好评,整体,正面
1189,_,不开心,整体,负面
1190,_,不错,整体,正面
1190,_,挺好的,整体,正面
1190,_,是正品,真伪,正面
1191,_,可以,整体,正面
1192,_,超级喜欢,整体,正面
1193,_,是正品,真伪,正面
1194,_,不油腻,使用体验,正面
1194,_,不油腻，觉得挺好的,使用体验,正面
1194,_,喜欢,整体,正面
1194,_,喜欢用,整体,正面
1194,_,喜欢用，比较细腻,整体,正面
1194,_,挺好的,整体,正面
1194,_,比较细腻,使用体验,正面
1194,_,比较细腻，也不油腻,使用体验,正面
1195,_,很好,整体,正面
1196,包装,精致,包装,正面
1196,包装,精致，一如既往的好,包装,正面
1196,物流,相当快,物流,正面
1196,物流,相当快，包装精致,物流,正面
1197,_,不干,使用体验,正面
1197,_,不干了,使用体验,正面
1197,_,不错,整体,正面
1198,_,挺好,整体,正面
1198,_,挺好，满意,整体,正面
1198,_,满意,整体,正面
1199,_,很喜欢,整体,正面
1199,_,非常好,整体,正面
1200,_,挺好的,整体,正面
1201,_,不错,整体,正面
1201,_,不错不错,整体,正面
1202,_,很好用,整体,正面
1203,_,很滋润,使用体验,正面
1203,_,挺不错,整体,正面
1203,_,挺不错的,整体,正面
1204,物流,快,物流,正面
1204,物流,快又好,物流,正面
1205,_,便宜,价格,正面
1205,_,便宜还好用,价格,正面
1205,_,便宜还好用，清淡,价格,正面
1205,_,便宜还好用，清淡的,价格,正面
1205,_,好用,整体,正面
1205,_,好用，清淡,整体,正面
1205,_,比较喜欢,整体,正面
1206,_,_,_,_
1207,_,蛮不错,整体,正面
1207,_,蛮不错的,整体,正面
1208,_,很不错,整体,正面
1209,_,很满意,整体,正面
1209,_,提亮肤色,功效,正面
1209,_,提亮肤色又自然,功效,正面
1209,_,水润,使用体验,正面
1209,_,水润提亮肤色,使用体验,正面
1209,_,水润提亮肤色又自然,使用体验,正面
1209,_,自然,功效,正面
1209,_,自然，很满意,功效,正面
1210,补水效果,很棒,功效,正面
1211,_,不错,整体,正面
1212,_,很水润,使用体验,正面
1212,_,超值,价格,正面
1212,_,超好用,整体,正面
1212,_,超好用啊，很水润,整体,正面
1213,_,不错,整体,正面
1214,_,不错,整体,正面
1214,_,水润,使用体验,正面
1214,_,水润透气,使用体验,正面
1215,_,很好用,整体,正面
1216,_,比较水润,使用体验,正面
1217,_,不干燥,使用体验,正面
1217,_,很细腻,使用体验,正面
1217,_,很细腻，洗完后清爽,使用体验,正面
1217,_,清爽,使用体验,正面
1217,_,清爽不干燥,使用体验,正面
1218,_,_,_,_
1219,_,_,_,_
1220,_,好用,整体,正面
1221,_,不粘腻,使用体验,正面
1221,_,挺好的,整体,正面
1221,_,挺好的，味道清新,整体,正面
1221,_,滋润,使用体验,正面
1221,_,滋润又不粘腻,使用体验,正面
1221,味道,清新,气味,正面
1222,_,很舒服,使用体验,正面
1222,_,很舒服，清爽,使用体验,正面
1222,_,很薄,使用体验,正面
1222,_,很薄，水分很多,使用体验,正面
1222,_,清爽,使用体验,正面
1223,_,不错,整体,正面
1224,_,还不错,整体,正面
1224,_,还不错，价格合理,整体,正面
1224,价格,合理,价格,正面
1225,物流,很快,物流,正面
1225,物流,很快，好用,物流,正面
1226,_,挺喜欢,整体,正面
1226,_,挺喜欢的,整体,正面
1227,_,很好,整体,正面
1228,提亮遮暇能力,强,功效,正面
1228,遮暇能力,强,功效,正面
1229,_,挺好的,整体,正面
1230,_,很实惠,价格,正面
1230,_,很实惠很好用,价格,正面
1231,_,挺不错,整体,正面
1231,_,挺不错的,整体,正面
1231,_,挺不错的，包装无损坏,整体,正面
1231,保湿效果,挺好的,功效,正面
1231,包装,无损坏,包装,正面
1232,_,不错,整体,正面
1232,_,不错哦。速度很快,整体,正面
1232,速度,很快,物流,正面
1233,_,_,_,_
1234,味道,很好闻,气味,正面
1235,_,很好用,整体,正面
1235,物流,很快,物流,正面
1235,物流,很快，面膜很好用,物流,正面
1236,_,很温和,使用体验,正面
1236,_,很温和，卸妆很干净,使用体验,正面
1236,_,很满意,整体,正面
1237,_,_,_,_
1238,_,_,_,_
1239,_,还不错,整体,正面
1240,_,不算太满意,整体,负面
1240,_,很干,使用体验,负面
1241,_,不油,使用体验,正面
1241,_,好用,整体,正面
1241,_,好用 上妆效果：好用,整体,正面
1242,_,很好用,整体,正面
1243,包装,很好,包装,正面
1243,包装,很好没有破损,包装,正面
1243,包装,高大上,包装,正面
1243,包装,高大上很好,包装,正面
1243,包装,高大上很好没有破损,包装,正面
1243,物流,真的是超快,物流,正面
1243,物流,超快,物流,正面
1243,物流,超快，包装高大上很好,物流,正面
1244,_,便宜,价格,正面
1244,_,便宜实惠,价格,正面
1244,_,便宜实惠，非常好用,价格,正面
1244,_,实惠,价格,正面
1244,_,实惠，非常好用,价格,正面
1244,_,非常好用,整体,正面
1245,_,挺白的,功效,正面
1246,_,很好,整体,正面
1247,_,很喜欢,整体,正面
1247,_,很赞,整体,正面
1248,_,好用,整体,正面
1249,_,嫩嫩的,使用体验,正面
1249,_,很好用,整体,正面
1249,_,水水的,使用体验,正面
1250,保湿效果,很好,功效,正面
1251,_,_,_,_
1252,_,很喜欢,整体,正面
1252,_,很好用,整体,正面
1252,_,很好用，味道很好闻,整体,正面
1252,味道,很好闻,气味,正面
1252,味道,很好闻，我很喜欢,气味,正面
1253,_,还好,整体,正面
1253,_,还好红红火火,整体,正面
1254,_,_,_,_
1255,_,很轻薄,使用体验,正面
1255,_,挺好用,整体,正面
1255,_,挺好用  很轻薄,整体,正面
1256,_,不会干,使用体验,正面
1256,_,不会干，保持时间较长,使用体验,正面
1256,价格,实惠,价格,正面
1256,价格,实惠。脸上不会干,价格,正面
1257,_,不错,整体,正面
1257,_,不错的,整体,正面
1258,_,真不错,整体,正面
1258,_,真不错，里边乳液挺多,整体,正面
1258,乳液,挺多的,成分,正面
1259,精华液,很多,成分,正面
1259,精华液,很多，补水效果不错,成分,正面
1259,补水效果,不错,功效,正面
1260,_,好评,整体,正面
1261,_,不刺皮肤,使用体验,正面
1261,_,不刺皮肤，擦的干净,使用体验,正面
1261,_,喜欢,整体,正面
1261,_,喜欢，不刺皮肤,整体,正面
1262,_,不油腻,使用体验,正面
1262,_,不油腻，很清爽,使用体验,正面
1262,_,不油腻，很清爽，大爱,使用体验,正面
1262,_,大爱,整体,正面
1262,_,很清爽,使用体验,正面
1262,_,很清爽，大爱,使用体验,正面
1262,_,非常好用,整体,正面
1262,_,非常好用，不油腻,整体,正面
1263,_,_,_,_
1264,_,很好用,整体,正面
1265,_,保湿,功效,正面
1265,_,很不错,整体,正面
1265,_,很不错，味道很好闻,整体,正面
1265,味道,很好闻,气味,正面
1265,味道,很好闻，还保湿,气味,正面
1266,_,很好,整体,正面
1266,物流,很快,物流,正面
1267,_,_,_,_
1268,_,很油,使用体验,负面
1268,_,很油，真的真的很油,使用体验,负面
1269,_,很好,整体,正面
1269,_,很好很好,整体,正面
1269,_,很好很好非常好,整体,正面
1269,_,很好非常好,整体,正面
1269,_,非常好,整体,正面
1270,_,挺好的,整体,正面
1271,_,_,_,_
1272,_,一如既往的好,整体,正面
1273,_,很实惠,价格,正面
1273,_,还可以,整体,正面
1273,_,还可以，很实惠,整体,正面
1274,补水效果,很好,功效,正面
1275,_,不卡粉,使用体验,正面
1275,_,不卡粉，棒棒哒,使用体验,正面
1275,_,不干,使用体验,正面
1275,_,不干，不卡粉,使用体验,正面
1275,_,不干，不卡粉，棒棒哒,使用体验,正面
1275,_,好用,整体,正面
1275,_,棒棒哒,整体,正面
1276,_,挺好的,整体,正面
1277,_,还不错,整体,正面
1278,_,很好,整体,正面
1278,_,湿润,使用体验,正面
1278,_,湿润自然,使用体验,正面
1278,_,湿润自然很好,使用体验,正面
1279,_,好,整体,正面
1279,_,非常喜欢,整体,正面
1279,_,非常满意,整体,正面
1279,_,非常满意非常喜欢,整体,正面
1280,_,喜欢,整体,正面
1280,_,很不错,整体,正面
1280,_,很不错，喜欢,整体,正面
1280,活动,很合适,价格,正面
1281,补水效果,非常好,功效,正面
1282,_,挺满意的,整体,正面
1283,_,_,_,_
1284,_,不紧绷,使用体验,正面
1285,_,很好用,整体,正面
1285,_,很好用，也很香,整体,正面
1285,_,很香,气味,正面
1286,_,真心不错,整体,正面
1287,_,还不错,整体,正面
1288,_,不错,整体,正面
1288,_,很不错,整体,正面
1289,_,还可以,整体,正面
1290,_,还不错,整体,正面
1291,_,很不错,整体,正面
1291,_,很不错，保湿效果很好,整体,正面
1291,_,非常满意,整体,正面
1291,保湿效果,很好,功效,正面
1291,保湿效果,很好，非常满意,功效,正面
1292,_,便宜,价格,正面
1292,_,便宜多了,价格,正面
1292,_,便宜多了。好评,价格,正面
1292,_,好评,整体,正面
1292,_,好评哦,整体,正面
1292,价格,实惠,价格,正面
1293,_,_,_,_
1294,_,比较方便,整体,正面
1294,_,还行,整体,正面
1294,_,还行，比较方便,整体,正面
1295,_,有点刺激,使用体验,负面
1295,_,还好,整体,正面
1296,_,是正品,真伪,正面
1297,_,非常好用,整体,正面
1298,_,_,_,_
1299,_,很好,整体,正面
1299,味道,挺好闻,气味,正面
1299,味道,挺好闻的,气味,正面
1299,味道,挺好闻的，效果很好,气味,正面
1300,_,好评,整体,正面
1300,_,还不错,整体,正面
1300,_,还不错，这价格很划算,整体,正面
1300,价格,很划算,价格,正面
1300,价格,很划算。好评,价格,正面
1301,_,不错,整体,正面
1302,_,好评,整体,正面
1303,_,_,_,_
1304,_,_,_,_
1305,_,还可以,整体,正面
1306,保湿效果,不错,功效,正面
1306,保湿效果,特好,功效,正面
1306,保湿效果,特好，遮瑕效果也不错,功效,正面
1306,遮瑕效果,不错,功效,正面
1306,遮瑕效果,特好,功效,正面
1307,_,很好用,整体,正面
1307,_,很好用，*好用,整体,正面
1308,价格,挺便宜,价格,正面
1309,_,还不错,整体,正面
1310,_,不错,整体,正面
1311,_,_,_,_
1312,_,很放心,整体,正面
1313,_,不错,整体,正面
1313,价格,超实惠,价格,正面
1313,价格,超实惠的,价格,正面
1313,价格,超实惠的。不错,价格,正面
1314,_,不干燥,使用体验,正面
1314,_,不干燥 比较水润,使用体验,正面
1314,_,便宜,价格,正面
1314,_,好用,整体,正面
1314,_,比较敷贴,使用体验,正面
1314,_,比较敷贴皮肤 不干燥,使用体验,正面
1314,_,比较水润,使用体验,正面
1314,活动,比较大,价格,正面
1314,活动,比较大 比装柜便宜,价格,正面
1314,活动力度,比较大,价格,正面
1314,活动力度,比较大 比装柜便宜,价格,正面
1315,_,还好,整体,正面
1315,送货,快,物流,正面
1315,送货速度,快,物流,正面
1316,_,非常好,整体,正面
1317,物流,很快,物流,正面
1317,物流,很快，包装无破损,物流,正面
1318,_,喜欢,整体,正面
1319,_,很香,气味,正面
1320,_,很不错,整体,正面
1321,_,挺好,整体,正面
1322,补水效果,非常不错,功效,正面
1323,_,喜欢,整体,正面
1323,_,喜欢  味道很好闻,整体,正面
1323,味道,很好闻,气味,正面
1324,_,不错,整体,正面
1324,_,不错啊正不错,整体,正面
1325,_,不错,整体,正面
1326,_,可以,整体,正面
1326,_,可以的,整体,正面
1327,_,还不错,整体,正面
1328,_,_,_,_
1329,_,_,_,_
1330,_,还不错,整体,正面
1331,_,不错,整体,正面
1331,_,不错好用,整体,正面
1331,_,好用,整体,正面
1331,_,好用，**快递更给力,整体,正面
1331,快递,更给力,物流,正面
1332,_,便宜,价格,正面
1332,_,便宜，赠品也很多,价格,正面
1332,_,很不错,整体,正面
1332,_,很不错的,整体,正面
1332,赠品,很多,价格,正面
1333,_,很好,整体,正面
1334,_,不错,整体,正面
1334,_,很不错,整体,正面
1334,_,棒棒哒,整体,正面
1335,_,_,_,_
1336,_,还不错,整体,正面
1336,_,还不错！好很好,整体,正面
1336,物流,快,物流,正面
1337,_,还不错,整体,正面
1338,_,很实惠,价格,正面
1339,包装,完好,包装,正面
1340,服务,很不错,服务,正面
1340,服务,很不错，这款用着不错,服务,正面
1341,_,便宜,价格,正面
1341,_,便宜划算,价格,正面
1341,_,划算,价格,正面
1341,_,非常好,整体,正面
1341,_,非常好，便宜,整体,正面
1341,_,非常好，便宜划算,整体,正面
1342,_,很喜欢,整体,正面
1343,_,_,_,_
1344,_,不油腻,使用体验,正面
1344,_,不油腻，好推开,使用体验,正面
1344,_,好推开,使用体验,正面
1344,_,非常好用,整体,正面
1344,_,非常好用，不油腻,整体,正面
1345,_,不浮粉,使用体验,正面
1345,_,很好用,整体,正面
1345,_,很好用，不浮粉,整体,正面
1346,快递,超快,物流,正面
1347,_,好评,整体,正面
1347,包装,蛮好的,包装,正面
1348,_,好用,整体,正面
1348,_,好用真心的,整体,正面
1348,_,很服帖,使用体验,正面
1348,送货,快,物流,正面
1349,_,喜欢,整体,正面
1350,_,_,_,_
1351,_,很好用,整体,正面
1351,_,很好用，易推开,整体,正面
1351,_,易推开,使用体验,正面
1352,_,好好  妆,整体,正面
1352,_,好好  妆卸的非常干净,整体,正面
1353,_,很滋润,使用体验,正面
1354,_,不错,整体,正面
1354,_,不错，价格合理,整体,正面
1354,价格,合理,价格,正面
1355,_,非常卡粉,使用体验,负面
1356,赠品,挺多,价格,正面
1356,赠品,挺多的,价格,正面
1357,_,特别便宜,价格,正面
1358,_,挺好的,整体,正面
1359,_,不错,整体,正面
1359,_,很舒服,使用体验,正面
1360,_,很滋润,使用体验,正面
1360,_,很滋润，肤色很自然,使用体验,正面
1360,_,很自然,功效,正面
1361,_,很喜欢,整体,正面
1362,_,特别好用,整体,正面
1363,_,很好,整体,正面
1363,_,很好用,整体,正面
1364,_,不干,使用体验,正面
1364,_,不干，精华都能吸收,使用体验,正面
1364,_,很润,使用体验,正面
1364,_,很润，用完不干,使用体验,正面
1364,物流,很快,物流,正面
1364,物流,很快，盒子有点脏,物流,正面
1365,_,很自然,功效,正面
1365,_,是正品,真伪,正面
1366,_,正品,真伪,正面
1367,_,不错,整体,正面
1367,_,是正品,真伪,正面
1367,_,是正品，效果也不错,真伪,正面
1367,_,水润,使用体验,正面
1367,_,水润清凉,使用体验,正面
1367,_,水润清凉，肯定是正品,使用体验,正面
1367,_,清凉,使用体验,正面
1368,_,会卡粉,使用体验,负面
1369,_,好用,整体,正面
1369,_,好用，自然,整体,正面
1369,_,好用，自然服帖,整体,正面
1369,_,实惠,价格,正面
1369,_,实惠多了,价格,正面
1369,_,服帖,使用体验,正面
1369,_,服帖，比实体店实惠,使用体验,正面
1369,_,自然,使用体验,正面
1369,_,自然服帖,使用体验,正面
1370,_,很优惠,价格,正面
1370,_,很优惠，价格很美丽,价格,正面
1370,_,很好,整体,正面
1370,价格,很美丽,价格,正面
1370,价格,很美丽，质量很好,价格,正面
1371,_,_,_,_
1372,_,非常满意,整体,正面
1373,_,很好用,整体,正面
1374,_,好用,整体,正面
1374,_,非常满意,整体,正面
1375,补水效果,特别好,功效,正面
1376,_,不错,整体,正面
1377,_,很喜欢,整体,正面
1377,_,很喜欢满意,整体,正面
1377,_,满意,整体,正面
1378,_,很好用,整体,正面
1378,_,很好用，精华液很多,整体,正面
1378,_,很实惠,价格,正面
1378,精华液,很多,成分,正面
1378,精华液,很多，也很实惠,成分,正面
1379,_,不油腻,使用体验,正面
1379,_,清爽,使用体验,正面
1379,_,清爽不油腻,使用体验,正面
1379,遮瑕效果,不理想,功效,正面
1380,_,很喜欢,整体,正面
1380,_,还不错,整体,正面
1381,_,特别好用,整体,正面
1381,_,特别滋润,使用体验,正面
1381,_,特别滋润，香香的,使用体验,正面
1382,_,比较好用,整体,正面
1383,_,不油腻,使用体验,正面
1383,_,不油腻，挺补水,使用体验,正面
1383,_,不油腻，挺补水的,使用体验,正面
1383,_,不错,整体,正面
1383,_,不错，用起来不油腻,整体,正面
1383,_,嫩嫩的,使用体验,正面
1383,_,挺补水,功效,正面
1383,_,挺补水的,功效,正面
1383,_,滑滑的,使用体验,正面
1383,_,滑滑的，嫩嫩的,使用体验,正面
1384,_,不错,整体,正面
1384,_,不错，好用,整体,正面
1384,_,不错，好用，超补水,整体,正面
1384,_,好用,整体,正面
1384,_,好用，超补水,整体,正面
1384,_,超补水,功效,正面
1385,_,喜欢,整体,正面
1385,_,喜欢，水份多,整体,正面
1385,_,喜欢，水份多滑溜溜的,整体,正面
1385,_,大爱,整体,正面
1385,_,滑溜溜的,使用体验,正面
1385,_,滑溜溜的价格又合适,使用体验,正面
1385,价格,合适,价格,正面
1385,价格,合适，大爱,价格,正面
1385,水份,多,成分,正面
1385,水份,多滑溜溜的,成分,正面
1385,水份,多滑溜溜的价格又合适,成分,正面
1386,_,_,_,_
1387,_,不会感觉紧绷,使用体验,正面
1388,_,可以,整体,正面
1388,包装,不错,包装,正面
1389,_,很好,整体,正面
1390,_,很好用,整体,正面
1391,_,_,_,_
1392,_,不错,整体,正面
1392,送货,及时,物流,正面
1393,快递,很快,物流,正面
1393,快递,很快客服态度很好,物流,正面
1394,物流,很快,物流,正面
1395,_,挺好用的,整体,正面
1396,_,_,_,_
1397,_,不油腻,使用体验,正面
1397,_,轻薄,使用体验,正面
1397,_,轻薄不油腻,使用体验,正面
1397,_,还可以,整体,正面
1397,_,还可以 轻薄,整体,正面
1397,_,还可以 轻薄不油腻,整体,正面
1398,_,喜欢,整体,正面
1398,_,喜欢，质量好,整体,正面
1398,_,喜欢，质量好价格优,整体,正面
1398,_,好不错,整体,正面
1398,_,好不错，喜欢,整体,正面
1398,_,好不错，喜欢，质量好,整体,正面
1399,_,_,_,_
1400,价格,低，还好用,价格,正面
1401,_,不干,使用体验,正面
1401,_,不干，提亮肤色,使用体验,正面
1401,_,很好用,整体,正面
1401,_,很好用，不干,整体,正面
1401,_,提亮肤色,功效,正面
1402,_,很喜欢,整体,正面
1403,_,不油腻,使用体验,正面
1403,_,清爽,使用体验,正面
1403,_,清爽不油腻,使用体验,正面
1404,_,可以的,整体,正面
1405,价格,还不错,价格,正面
1406,_,太黏,使用体验,负面
1406,_,太黏了,使用体验,负面
1406,_,太黏了  吸收的也不好,使用体验,负面
1407,_,很水润,使用体验,正面
1407,_,很水润保湿,使用体验,正面
1407,快递,很快,物流,正面
1408,_,很不错,整体,正面
1408,_,很不错的,整体,正面
1408,赠品,超级划算,价格,正面
1409,_,好用,整体,正面
1410,_,很好用,整体,正面
1410,_,水水的,使用体验,正面
1411,_,不错,整体,正面
1411,_,不错，包装好看,整体,正面
1411,包装,好看,包装,正面
1412,_,好评,整体,正面
1412,_,好评一下,整体,正面
1412,发货,快,物流,正面
1412,发货,快送货上门方便,物流,正面
1412,发货,快送货上门方便，好评,物流,正面
1413,_,还不错,整体,正面
1413,_,还不错，包邮,整体,正面
1413,_,还不错，包邮就更好,整体,正面
1414,_,_,_,_
1415,_,物美价廉,价格,正面
1415,_,非常好,整体,正面
1415,配送速度,特别快,物流,正面
1415,配送速度,特别快，服务也很好,物流,正面
1416,_,_,_,_
1417,_,_,_,_
1418,_,不油腻,使用体验,正面
1418,_,不油腻，价格实惠,使用体验,正面
1418,_,好用,整体,正面
1418,_,好用不油腻,整体,正面
1418,_,好用不油腻，价格实惠,整体,正面
1418,价格,实惠,价格,正面
1419,_,好评,整体,正面
1419,_,好评哦,整体,正面
1419,_,是正品,真伪,正面
1419,吸收,还不错,使用体验,正面
1419,吸收,还不错。好评,使用体验,正面
1420,_,不卡粉,使用体验,正面
1420,_,不卡粉，价格实惠,使用体验,正面
1420,_,还不错,整体,正面
1420,价格,实惠,价格,正面
1421,快递,快,物流,正面
1422,_,还不错,整体,正面
1423,_,挺喜欢,整体,正面
1423,_,挺喜欢的,整体,正面
1423,_,超爽,整体,正面
1423,_,超爽，挺喜欢的,整体,正面
1424,泡沫,丰富,使用体验,正面
1425,包装,完好,包装,正面
1425,物流,很快,物流,正面
1426,_,_,_,_
1427,_,很保湿,功效,正面
1427,_,很喜欢,整体,正面
1427,_,很好,整体,正面
1428,_,不错,整体,正面
1428,送货速度,很快,物流,正面
1429,_,不卡粉,使用体验,正面
1429,_,很不错,整体,正面
1429,_,提亮肤色,功效,正面
1429,_,提亮肤色，不卡粉,功效,正面
1430,包装,非常精美,包装,正面
1431,_,不错,整体,正面
1432,_,水水的,使用体验,正面
1432,精华液,很多,成分,正面
1432,精华液,很多，敷完水水的,成分,正面
1433,_,挺好用,整体,正面
1433,_,挺好用，价格也美丽,整体,正面
1433,价格,美丽,价格,正面
1434,_,很好,整体,正面
1435,_,喜欢,整体,正面
1436,_,很好,整体,正面
1437,_,还行,整体,正面
1438,_,很容易吸收,使用体验,正面
1438,_,水嫩水嫩的,使用体验,正面
1438,吸收,挺好,使用体验,正面
1439,_,不刺激,使用体验,正面
1439,_,很不错,整体,正面
1440,_,很舒适,使用体验,正面
1440,_,很舒适，也非常细腻,使用体验,正面
1440,_,非常细腻,使用体验,正面
1441,_,不卡粉,使用体验,正面
1441,_,好用,整体,正面
1441,_,好用，不卡粉,整体,正面
1442,_,还行,整体,正面
1443,_,还可以,整体,正面
1444,_,_,_,_
1445,_,不错,整体,正面
1445,_,不错，质量刚刚的,整体,正面
1446,_,很温和,使用体验,正面
1446,起泡,不是很多,使用体验,负面
1446,起泡,不是很多，很温和,使用体验,负面
1447,_,好,整体,正面
1448,_,好评,整体,正面
1448,_,好评，**送货也很快,整体,正面
1448,_,很好用,整体,正面
1448,_,很好用，很显白,整体,正面
1448,_,很显白,使用体验,正面
1448,_,很显白,功效,正面
1448,_,很显白，也特别好推开,使用体验,正面
1448,_,很显白，也特别好推开,功效,正面
1448,_,特别好推开,使用体验,正面
1448,送货,很快,物流,正面
1449,_,特别拔干,使用体验,负面
1450,价格,便宜,价格,正面
1450,价格,便宜多了,价格,正面
1451,_,还不错,整体,正面
1452,_,_,_,_
1453,_,很好,整体,正面
1453,_,很好物流也是很给力,整体,正面
1453,物流,很给力,物流,正面
1453,物流,很给力的,物流,正面
1454,_,很自然,功效,正面
1455,_,不干,使用体验,正面
1455,_,不干持久度好,使用体验,正面
1455,_,非常好用,整体,正面
1455,_,非常好用  不干,整体,正面
1455,_,非常好用  不干持久度好,整体,正面
1455,持久度,好,使用体验,正面
1456,_,不错,整体,正面
1457,_,挺好的,整体,正面
1457,_,挺好的，物流快,整体,正面
1457,_,挺好的，物流快，方便,整体,正面
1457,物流,快,物流,正面
1457,物流,快，方便,物流,正面
1457,物流,快，方便快捷,物流,正面
1458,_,不错,整体,正面
1458,_,不错挺好用的,整体,正面
1458,_,挺好用,整体,正面
1458,_,挺好用的,整体,正面
1459,_,_,_,_
1460,_,不错,整体,正面
1460,_,不错的,整体,正面
1461,_,还行,整体,正面
1462,_,不错,整体,正面
1463,_,非常好用,整体,正面
1464,_,挺好用,整体,正面
1464,_,挺好用的,整体,正面
1465,_,很好,整体,正面
1466,清洁能力,一般,功效,正面
1467,_,是正品,真伪,正面
1468,_,很喜欢,整体,正面
1469,_,挺好用,整体,正面
1469,_,挺好用的,整体,正面
1470,_,五星好评,整体,正面
1471,_,还不错,整体,正面
1471,味道,挺舒服,气味,正面
1471,味道,挺舒服的,气味,正面
1471,味道,挺舒服的 还不错,气味,正面
1472,_,特别好用,整体,正面
1473,_,_,_,_
1474,_,_,_,_
1475,_,挺好的,整体,正面
1475,_,挺好的薄薄的,整体,正面
1475,_,薄薄,使用体验,正面
1475,_,薄薄的,使用体验,正面
1476,_,很好,整体,正面
1476,_,很满意,整体,正面
1477,_,还可以,整体,正面
1478,_,很划算,价格,正面
1478,_,很划算，味道也好闻,价格,正面
1478,味道,好闻,气味,正面
1479,_,不错,整体,正面
1480,_,不紧绷,使用体验,正面
1480,_,不紧绷了也不再起干皮,使用体验,正面
1480,_,挺舒服,使用体验,正面
1481,_,还行,整体,正面
1481,_,还行，这价格变动太快,整体,正面
1482,_,不刺激,使用体验,正面
1482,_,很好用,整体,正面
1482,_,很好用，卸妆很干净,整体,正面
1482,_,温和,使用体验,正面
1482,_,温和不刺激,使用体验,正面
1482,卸妆,很干净,功效,正面
1482,卸妆,很干净，温和,功效,正面
1482,卸妆,很干净，温和不刺激,功效,正面
1483,_,不错,整体,正面
1484,_,有点干,使用体验,负面
1484,_,还可以,整体,正面
1485,_,不粘腻,使用体验,正面
1485,_,挺好用,整体,正面
1485,_,挺好用的,整体,正面
1485,_,挺好用的，清爽,整体,正面
1485,_,挺好用的，清爽不粘腻,整体,正面
1485,_,清爽,使用体验,正面
1485,_,清爽不粘腻,使用体验,正面
1486,_,挺好的,整体,正面
1486,价格,便宜,价格,正面
1486,价格,便宜，质量挺好的,价格,正面
1487,快递小哥,很快,物流,正面
1487,快递小哥态度,很快,物流,正面
1487,物流,很快,物流,正面
1488,_,特别好用,整体,正面
1489,_,_,_,_
1490,服务,特好,服务,正面
1491,_,很划算,价格,正面
1491,_,很满意,整体,正面
1491,_,是正品,真伪,正面
1492,_,超好用,整体,正面
1493,_,好用,整体,正面
1493,_,好用又实惠,整体,正面
1493,_,实惠,价格,正面
1494,_,不错,整体,正面
1494,_,很水润,使用体验,正面
1495,_,挺不错,整体,正面
1495,_,挺不错的,整体,正面
1496,_,不错,整体,正面
1496,_,不错，还挺好用的,整体,正面
1496,_,很划算,价格,正面
1496,_,挺好用,整体,正面
1496,_,挺好用的,整体,正面
1497,_,是正品,真伪,正面
1497,_,是正品。到货也很快,真伪,正面
1497,到货,很快,物流,正面
1498,_,好评,整体,正面
1499,_,挺好,整体,正面
1500,_,不错,整体,正面
1500,_,不错不错,整体,正面
1501,_,挺好用,整体,正面
1501,_,挺好用的,整体,正面
1501,_,挺好用的，很方便,整体,正面
1502,_,挺好用,整体,正面
1502,_,挺好用的,整体,正面
1502,_,挺滋润,使用体验,正面
1502,_,挺滋润的,使用体验,正面
1503,_,还不错,整体,正面
1504,_,不错,整体,正面
1504,_,不错很喜欢,整体,正面
1504,_,很喜欢,整体,正面
1505,_,很好用,整体,正面
1506,_,非常好,整体,正面
1507,价格,合理,价格,正面
1507,价格,合理，快递给力,价格,正面
1507,快递,给力,物流,正面
1507,补水效果,不错,功效,正面
1507,补水效果,不错，价格合理,功效,正面
1508,_,很满意,整体,正面
1508,优惠力度,很大,价格,正面
1508,快递,超快,物流,正面
1508,快递,超快，很满意,物流,正面
1509,_,物有所值,整体,正面
1510,_,很好用,整体,正面
1511,_,很好用,整体,正面
1511,价格,不会很贵,价格,正面
1512,保湿,一般,功效,负面
1513,价格,实惠,价格,正面
1514,保湿效果,好,功效,正面
1514,发货,超快,物流,正面
1514,发货速度,超快,物流,正面
1515,_,还不错,整体,正面
1515,_,还不错，还是能遮瑕,整体,正面
1515,_,还不错，还是能遮瑕的,整体,正面
1516,_,超级划算,价格,正面
1517,味道,很好闻,气味,正面
1518,_,干爽,使用体验,正面
1518,_,干爽舒服,使用体验,正面
1519,_,不油腻,使用体验,正面
1519,_,不油腻，很自然,使用体验,正面
1519,_,不油腻，很自然服帖,使用体验,正面
1519,_,好用,整体,正面
1519,_,好用不油腻,整体,正面
1519,_,好用不油腻，很自然,整体,正面
1519,_,很自然,使用体验,正面
1519,_,很自然服帖,使用体验,正面
1519,_,服帖,使用体验,正面
1520,_,挺好用的,整体,正面
1520,_,挺好用的。好评,整体,正面
1520,味道,挺好闻,气味,正面
1520,味道,挺好闻。也挺好用,气味,正面
1520,清洁能力,很好,功效,正面
1520,清洁能力,很好。味道也挺好闻,功效,正面
1521,_,很紧绷,使用体验,负面
1521,_,很紧绷。味道也不好,使用体验,负面
1522,_,非常好,整体,正面
1523,_,很细腻,使用体验,正面
1523,_,很自然,功效,正面
1523,_,挺不错,整体,正面
1523,_,挺不错的,整体,正面
1524,_,不错,整体,正面
1524,_,很好用,整体,正面
1524,_,水嫩,使用体验,正面
1524,_,水嫩，光泽,使用体验,正面
1524,_,超值,价格,正面
1525,_,挺好,整体,正面
1525,_,挺好，是正品,整体,正面
1525,_,是正品,真伪,正面
1526,_,不错,整体,正面
1527,_,好用,整体,正面
1528,_,很好用,整体,正面
1528,价格,便宜,价格,正面
1528,价格,便宜，很好用,价格,正面
1529,_,不错,整体,正面
1530,_,很喜欢,整体,正面
1530,_,非常不错,整体,正面
1530,_,非常不错，媳妇很喜欢,整体,正面
1531,_,不错,整体,正面
1531,_,不错不错,整体,正面
1531,_,很好,整体,正面
1531,_,很好，物流给了,整体,正面
1531,_,很好，物流给了，不错,整体,正面
1531,物流,给了,物流,正面
1532,_,_,_,_
1533,_,挺好的,整体,正面
1533,_,挺好的，精华液很多,整体,正面
1533,精华液,很多,成分,正面
1534,_,还可以,整体,正面
1535,包装,完好,包装,正面
1536,_,不错,整体,正面
1536,_,很喜欢,整体,正面
1536,_,很喜欢，不错,整体,正面
1537,补湿效果,还可以,功效,正面
1538,_,不紧绷,使用体验,正面
1538,_,非常好用,整体,正面
1538,_,非常好用，而且不紧绷,整体,正面
1539,_,很滋润,使用体验,正面
1539,_,很滋润，很自然,使用体验,正面
1539,_,很自然,功效,正面
1539,_,很自然，挺满意的,功效,正面
1539,_,挺满意,整体,正面
1539,_,挺满意的,整体,正面
1540,快递师傅,很快,物流,正面
1540,快递师傅,很耐心,物流,正面
1540,送货,很快,物流,正面
1541,味道,不错,气味,正面
1541,味道,不错很好闻,气味,正面
1541,味道,很好闻,气味,正面
1542,_,不错,整体,正面
1542,_,不错还会再买**给力,整体,正面
1543,_,_,_,_
1544,_,_,_,_
1545,_,不错,整体,正面
1545,价格,很实惠,价格,正面
1545,价格,很实惠吧，体验不错,价格,正面
1546,_,还可以,整体,正面
1547,_,物美价廉,价格,正面
1548,_,不错,整体,正面
1548,_,物美价廉,价格,正面
1549,物流,很快,物流,正面
1550,_,挺好用,整体,正面
1550,_,挺好用的,整体,正面
1551,_,不错,整体,正面
1551,_,超级划算,价格,正面
1552,_,不但服帖,使用体验,正面
1552,_,提亮,功效,正面
1552,_,提亮肤色,功效,正面
1552,_,服帖,使用体验,正面
1552,_,非常好用,整体,正面
1552,_,非常好用，膜不但服帖,整体,正面
1553,_,不错,整体,正面
1554,_,不错,整体,正面
1555,_,挺好的,整体,正面
1556,_,不错,整体,正面
1557,_,还可以,整体,正面
1558,_,便宜,价格,正面
1558,_,还可以,整体,正面
1558,_,还可以吧主要是便宜,整体,正面
1559,_,_,_,_
1560,_,好评,整体,正面
1560,_,很保湿,功效,正面
1560,_,很保湿，价格也很实惠,功效,正面
1560,_,还不错,整体,正面
1560,_,还不错，很保湿,整体,正面
1560,价格,很实惠,价格,正面
1561,_,好用,整体,正面
1561,_,好用.都很喜欢,整体,正面
1561,_,很喜欢,整体,正面
1562,_,不错,整体,正面
1563,_,非常好,整体,正面
1564,配送速度,很快,物流,正面
1565,_,还不错,整体,正面
1566,_,不错,整体,正面
1566,_,不错好使,整体,正面
1566,_,不错好使感觉挺好,整体,正面
1566,_,好使,整体,正面
1566,_,好使感觉挺好,整体,正面
1566,_,挺好,整体,正面
1567,_,不油腻,使用体验,正面
1567,_,不油腻很好上妆,使用体验,正面
1567,_,喜欢,整体,正面
1568,送货,快,物流,正面
1568,送货,快，服务好,物流,正面
1568,送货,快，服务好质量不错,物流,正面
1569,_,挺好用,整体,正面
1569,_,挺好用的,整体,正面
1570,_,好开心哦,整体,正面
1571,物流,快,物流,正面
1572,_,_,_,_
1573,_,挺不错,整体,正面
1573,_,挺不错的,整体,正面
1574,_,特别好,整体,正面
1575,_,辣眼睛,使用体验,负面
1576,_,很满意,整体,正面
1576,快递小哥,杠杠滴,物流,正面
1576,快递小哥,杠杠滴！态度不错,物流,正面
1576,快递小哥速度,杠杠滴,物流,正面
1576,快递小哥速度,杠杠滴！态度不错,物流,正面
1577,_,挺补水,功效,正面
1577,_,挺补水的,功效,正面
1577,_,挺补水的，看好,功效,正面
1578,_,_,_,_
1579,_,很不错,整体,正面
1580,_,是正品,真伪,正面
1580,_,是正品，赠品也很多,真伪,正面
1580,_,正品，赠品也很多,真伪,正面
1580,_,还可以,整体,正面
1580,_,还可以应该是正品,整体,正面
1580,赠品,很多,价格,正面
1581,_,还不错,整体,正面
1582,_,保湿,功效,正面
1582,_,保湿补水,功效,正面
1582,_,补水,功效,正面
1583,_,物超所值,整体,正面
1583,_,非常好,整体,正面
1583,_,非常好。绝对物超所值,整体,正面
1584,_,还不错,整体,正面
1585,_,不容易脱妆,使用体验,正面
1585,_,非常不错,整体,正面
1586,_,很实惠,价格,正面
1586,_,挺划算,价格,正面
1586,_,挺划算的,价格,正面
1587,_,不油腻,使用体验,正面
1587,_,不油腻，很清爽,使用体验,正面
1587,_,不错,整体,正面
1587,_,不错的,整体,正面
1587,_,不错的，比较水润,整体,正面
1587,_,很清爽,使用体验,正面
1587,_,挺好的,整体,正面
1587,_,比较水润,使用体验,正面
1587,_,比较水润，而且不油腻,使用体验,正面
1588,_,非常好用,整体,正面
1589,_,嫩嫩的,使用体验,正面
1589,_,非常棒,整体,正面
1590,气味,很好闻,气味,正面
1591,_,有点干,使用体验,负面
1591,_,有点干，总体还可以,使用体验,负面
1591,_,还可以,整体,正面
1592,_,很喜欢,整体,正面
1592,_,很喜欢，味道很淡,整体,正面
1592,价格,不贵,价格,正面
1592,价格,不贵，有点淡淡的亮,价格,正面
1592,味道,很淡,气味,正面
1592,味道,很淡，不厚重,气味,正面
1593,保湿,还行,功效,正面
1593,保湿,还行没有浮粉,功效,正面
1594,_,满意,整体,正面
1594,卸妆,挺干净,功效,正面
1594,卸妆,挺干净的,功效,正面
1594,卸妆,挺干净的，满意,功效,正面
1595,_,还可以,整体,正面
1596,_,很划算,价格,正面
1597,_,_,_,_
1598,_,便宜,价格,正面
1598,_,挺好的,整体,正面
1598,_,挺好的，便宜,整体,正面
1599,_,_,_,_
1600,_,很温和,使用体验,正面
1600,价格,美丽,价格,正面
1600,价格,美丽，洗脸很温和,价格,正面
1601,_,还行,整体,正面
1601,价格,差不多，效果还行吧,价格,正面
1602,价格,便宜,价格,正面
1602,价格,便宜，性价比一般,价格,正面
1602,性价比,便宜,价格,正面
1603,_,不错,整体,正面
1603,_,不错的,整体,正面
1603,_,不错的，也自然,整体,正面
1603,_,自然,功效,正面
1603,_,自然，遮瑕效果不错,功效,正面
1603,遮瑕效果,不错,功效,正面
1603,遮瑕效果,不错。不好,功效,正面
1603,遮瑕效果,不错。不好的,功效,正面
1604,价格,便宜,价格,正面
1605,_,遮瑕,功效,正面
1605,_,遮瑕，还有淡淡,功效,正面
1605,_,遮瑕，还有淡淡的,功效,正面
1605,_,非常好,整体,正面
1605,_,非常滋润,使用体验,正面
1605,_,非常滋润，又遮瑕,使用体验,正面
1606,_,不卡粉,使用体验,正面
1606,_,不卡粉，特别服帖,使用体验,正面
1606,_,特别服帖,使用体验,正面
1606,_,非常好用,整体,正面
1606,提亮效果,明显,功效,正面
1606,提亮效果,明显，不卡粉,功效,正面
1607,_,还行,整体,正面
1607,_,还行，香味淡些,整体,正面
1607,_,还行，香味淡些会更好,整体,正面
1608,快递,很快,物流,正面
1609,_,_,_,_
1610,_,_,_,_
1611,_,很好用,整体,正面
1611,_,很好用的,整体,正面
1611,_,很好用的，很滋润,整体,正面
1611,_,很滋润,使用体验,正面
1612,_,_,_,_
1613,_,还不错,整体,正面
1614,_,挺喜欢,整体,正面
1615,_,真心不错,整体,正面
1616,_,服帖,使用体验,正面
1616,_,滋润,使用体验,正面
1616,_,滋润，服帖,使用体验,正面
1617,_,非常的不错,整体,正面
1618,_,很水润,使用体验,正面
1618,隔离效果,特别高,功效,正面
1618,隔离效果,特别高也很水润,功效,正面
1619,_,不错,整体,正面
1620,_,很不错,整体,正面
1621,_,很好,整体,正面
1621,_,很好，商家很热心,整体,正面
1622,_,还可以,整体,正面
1622,_,还可以，就是感觉好小,整体,正面
1623,_,喜欢,整体,正面
1623,_,超级划算,价格,正面
1623,_,超级划算！颜色很自然,价格,正面
1623,颜色,很自然,功效,正面
1623,颜色,很自然，喜欢,功效,正面
1624,_,很持久,功效,正面
1624,_,挺舒服,使用体验,正面
1625,_,还不错,整体,正面
1625,_,还不错的,整体,正面
1626,_,很精致,整体,正面
1627,_,很好用,整体,正面
1628,清洁能力,一般般,功效,正面
1629,_,很好,整体,正面
1629,_,物有所值,整体,正面
1630,_,_,_,_
1631,_,好用,整体,正面
1631,_,好用好用,整体,正面
1631,物流,非常好,物流,正面
1631,物流配送,非常好,物流,正面
1631,物流配送服务,非常好,物流,正面
1631,物流配送服务,非常好 包装升级,物流,正面
1632,_,棒棒哒,整体,正面
1632,_,物超所值,整体,正面
1632,_,物超所值，棒棒哒,整体,正面
1633,_,很喜欢,整体,正面
1633,_,很好用,整体,正面
1633,_,很好用的,整体,正面
1634,_,挺好用,整体,正面
1634,_,挺好用的,整体,正面
1635,_,好用,整体,正面
1635,_,好用的,整体,正面
1635,_,很合适,整体,正面
1636,_,_,_,_
1637,_,很好,整体,正面
1637,_,很好，性价比高,整体,正面
1637,_,非常喜欢,整体,正面
1637,_,非常喜欢，一直用很好,整体,正面
1638,_,好用,整体,正面
1638,_,好用，洗完脸滑滑的,整体,正面
1638,_,滑滑的,使用体验,正面
1639,物流,超快,物流,正面
1639,物流,超快，产品质量信得过,物流,正面
1640,_,不错,整体,正面
1640,_,不错，物流很快,整体,正面
1640,_,很满意,整体,正面
1640,_,很满意，效果不错,整体,正面
1640,_,非常好,整体,正面
1640,_,非常好，很满意,整体,正面
1640,物流,很快,物流,正面
1641,_,非常喜欢,整体,正面
1642,_,很便宜,价格,正面
1642,_,很便宜，很划算,价格,正面
1642,_,很划算,价格,正面
1643,_,好用,整体,正面
1644,_,补水,功效,正面
1644,_,超级棒,整体,正面
1644,_,超级棒超级棒,整体,正面
1644,_,超级棒超级棒补水,整体,正面
1645,_,不卡粉,使用体验,正面
1645,_,不卡粉自然,使用体验,正面
1645,_,好用,整体,正面
1645,_,好用，不卡粉,整体,正面
1645,_,好用，不卡粉自然,整体,正面
1645,_,自然,功效,正面
1646,物流,快,物流,正面
1646,物流,快！包装好,物流,正面
1647,_,不觉得干,使用体验,正面
1647,_,不觉得干，很容易划开,使用体验,正面
1647,_,很容易划开,使用体验,正面
1648,物流,挺快,物流,正面
1648,物流,挺快的,物流,正面
1649,_,划算,价格,正面
1650,_,不错,整体,正面
1650,_,挺好用,整体,正面
1650,_,挺好用的,整体,正面
1651,_,不卡粉,使用体验,正面
1651,_,很适合,整体,正面
1651,_,很适合我不卡粉,整体,正面
1652,_,很喜欢,整体,正面
1652,_,非常好,整体,正面
1653,_,好用,整体,正面
1653,_,好用，特别喜欢,整体,正面
1653,味道,特别喜欢,气味,正面
1654,_,很好用,整体,正面
1654,_,很满意,整体,正面
1654,价格,很高,价格,正面
1654,价格,很高，很好用,价格,正面
1654,价格,超级优惠,价格,正面
1654,价格,超级优惠，很满意,价格,正面
1654,性价比,很高,价格,正面
1654,性价比,很高，很好用,价格,正面
1654,性价比,超级优惠,价格,正面
1654,性价比,超级优惠，很满意,价格,正面
1655,_,很温和,使用体验,正面
1656,_,很好用,整体,正面
1657,_,不错,整体,正面
1657,_,不错！很好用,整体,正面
1657,_,很好用,整体,正面
1658,_,真的不错,整体,正面
1659,_,便宜,价格,正面
1659,_,便宜又好用,价格,正面
1659,_,好用,整体,正面
1660,_,_,_,_
1661,_,还可以,整体,正面
1661,_,还可以的,整体,正面
1661,价格,很实惠,价格,正面
1662,_,_,_,_
1663,_,不错,整体,正面
1663,_,不错的,整体,正面
1663,_,不错的，价格便宜,整体,正面
1663,_,相当不错,整体,正面
1663,价格,便宜,价格,正面
1664,_,好白,功效,正面
1664,_,好白哦,功效,正面
1664,_,好白哦！太假面,功效,正面
1665,_,很棒,整体,正面
1665,_,很棒的产品，绝对好用,整体,正面
1666,_,不错,整体,正面
1666,_,很保湿,功效,正面
1666,_,很保湿味道很好闻,功效,正面
1666,味道,很好闻,气味,正面
1666,味道,很好闻，不错,气味,正面
1667,保湿,不错,功效,正面
1668,价格,实惠,价格,正面
1669,_,不紧绷,使用体验,正面
1669,_,不紧绷，不错的,使用体验,正面
1669,_,不错,整体,正面
1669,_,不错的,整体,正面
1669,_,很舒服,使用体验,正面
1669,_,很舒服不紧绷,使用体验,正面
1669,_,很舒服不紧绷，不错的,使用体验,正面
1670,快递,很给力,物流,正面
1670,快递,很给力！气味也很香,物流,正面
1670,气味,很香,气味,正面
1671,_,不油腻,使用体验,正面
1671,_,不油腻，润润的,使用体验,正面
1671,_,不错,整体,正面
1671,_,不错不油腻,整体,正面
1671,_,不错不油腻，润润的,整体,正面
1671,_,润润的,使用体验,正面
1672,_,不卡粉,使用体验,正面
1672,_,不卡粉，遮瑕效果也行,使用体验,正面
1672,_,还不错,整体,正面
1672,_,还不错，不卡粉,整体,正面
1672,遮瑕效果,行,功效,正面
1673,_,_,_,_
1674,_,不好用,整体,负面
1675,补水效果,很好,功效,正面
1676,_,有点用,整体,正面
1677,_,不错,整体,正面
1677,_,不错，质量很好,整体,正面
1677,_,很好,整体,正面
1677,_,很好，物流也快,整体,正面
1677,_,物美价廉,价格,正面
1677,_,物美价廉，服务好,价格,正面
1677,物流,快,物流,正面
1678,_,好用,整体,正面
1678,_,好用，性价比又高,整体,正面
1678,性价比,很便宜,价格,正面
1678,性价比,高。搞活动很便宜,价格,正面
1678,性价比又高。搞活动,很便宜,价格,正面
1679,_,不错,整体,正面
1679,_,不错的,整体,正面
1679,_,不错的，挺漂亮,整体,正面
1680,_,物美价廉,价格,正面
1680,_,物美价廉，真心好物,价格,正面
1681,优惠活动,不错,价格,正面
1681,优惠活动价格,不错,价格,正面
1682,_,很滋润,使用体验,正面
1682,_,很滋润 成膜速度一般,使用体验,正面
1682,包装,不错,包装,正面
1682,发货,很快,物流,正面
1682,发货,很快 包装的也不错,物流,正面
1683,_,比较补水,功效,正面
1683,_,比较补水的,功效,正面
1684,补水效果,很好,功效,正面
1685,_,很好用,整体,正面
1685,_,很好用，分量足,整体,正面
1685,_,还不错,整体,正面
1685,分量,足,成分,正面
1686,_,特别满意,整体,正面
1687,_,很满意,整体,正面
1687,_,很细腻,使用体验,正面
1687,_,很细腻，上脸效果很好,使用体验,正面
1687,上脸效果,很好,功效,正面
1688,_,_,_,_
1689,_,挺好的,整体,正面
1690,_,很好用,整体,正面
1691,补水,不错,功效,正面
1692,_,还不错,整体,正面
1693,_,_,_,_
1694,包装,不错,包装,正面
1695,_,_,_,_
1696,_,服帖,使用体验,正面
1697,_,好评,整体,正面
1697,_,挺好用,整体,正面
1697,_,挺好用的,整体,正面
1697,_,挺好用的，好评,整体,正面
1697,物流,很快,物流,正面
1697,物流,很快的,物流,正面
1698,_,好用,整体,正面
1698,_,平价,价格,正面
1698,_,平价好用,价格,正面
1698,补水效果,可以,功效,正面
1698,补水效果,可以，平价,功效,正面
1698,补水效果,可以，平价好用,功效,正面
1699,_,_,_,_
1700,_,不错,整体,正面
1700,_,不错  很自然,整体,正面
1700,_,很自然,功效,正面
1701,_,挺喜欢,整体,正面
1702,_,不贵,价格,正面
1703,补水,棒棒的,功效,正面
1704,_,不错,整体,正面
1704,_,不错不错,整体,正面
1704,_,保湿,功效,正面
1704,_,保湿，不错,功效,正面
1704,_,很好,整体,正面
1704,_,很好，非常补水,整体,正面
1704,_,很好，非常补水保湿,整体,正面
1704,_,非常补水,功效,正面
1704,_,非常补水保湿,功效,正面
1704,_,非常补水保湿，不错,功效,正面
1705,_,很光滑,使用体验,正面
1705,_,很光滑的,使用体验,正面
1705,_,很光滑的，价格也实惠,使用体验,正面
1705,_,很好,整体,正面
1705,_,很好，用后皮肤很光滑,整体,正面
1705,价格,实惠,价格,正面
1706,_,很好,整体,正面
1707,_,物有所值,整体,正面
1708,_,大赞,整体,正面
1709,_,很不错,整体,正面
1709,_,很不错，快递很给力,整体,正面
1709,快递,很给力,物流,正面
1710,_,挺好用,整体,正面
1710,_,挺好用的,整体,正面
1710,_,还不错,整体,正面
1711,_,不好用,整体,负面
1712,_,还可以,整体,正面
1712,包装,很好,包装,正面
1712,包装,很好，快递哥也很给力,包装,正面
1712,快递,很给力,物流,正面
1712,快递哥,很给力,物流,正面
1713,_,不紧绷,使用体验,正面
1713,_,很好用,整体,正面
1713,_,很好用，洗了很干净,整体,正面
1713,_,很干净,使用体验,正面
1713,_,很干净,功效,正面
1713,_,很干净，不紧绷,使用体验,正面
1713,_,很干净，不紧绷,功效,正面
1714,到货,很快,物流,正面
1715,_,不刺激,使用体验,正面
1715,_,不刺激，好用,使用体验,正面
1715,_,好用,整体,正面
1715,_,温和,使用体验,正面
1715,_,温和不刺激,使用体验,正面
1715,_,温和不刺激，好用,使用体验,正面
1715,卸妆,干净,功效,正面
1715,卸妆,干净，温和,功效,正面
1715,卸妆,干净，温和不刺激,功效,正面
1716,_,很喜欢,整体,正面
1717,_,好用,整体,正面
1717,_,好用，超级好用,整体,正面
1717,_,超级好用,整体,正面
1718,_,_,_,_
1719,快递小哥,很准时,物流,正面
1720,_,超级好用,整体,正面
1721,_,好评,整体,正面
1722,_,不干,使用体验,正面
1722,_,不干用起来很自然,使用体验,正面
1722,_,很好用,整体,正面
1722,_,很好用还有美白,整体,正面
1722,_,很自然,功效,正面
1723,_,很实惠,价格,正面
1724,_,不错,整体,正面
1724,_,不错很满意,整体,正面
1724,_,很满意,整体,正面
1725,_,_,_,_
1726,_,_,_,_
1727,_,好用,整体,正面
1727,_,好用，好评,整体,正面
1727,_,好评,整体,正面
1728,_,不错,整体,正面
1728,_,不错，物流快,整体,正面
1728,服务态度,很好,服务,正面
1728,物流,快,物流,正面
1728,物流,快，服务态度也很好,物流,正面
1729,_,好用,整体,正面
1729,泡沫,多,使用体验,负面
1730,_,很不错,整体,正面
1731,_,还不错,整体,正面
1732,_,是正品,真伪,正面
1732,_,是正品价格也是很奈斯,真伪,正面
1732,_,非常棒,整体,正面
1732,_,非常棒是正品,整体,正面
1732,价格,很奈斯,价格,正面
1733,_,很补水,功效,正面
1733,_,很补水  精华超级多的,功效,正面
1733,补水  精华,超级多,功效,正面
1733,补水  精华,超级多的,功效,正面
1734,_,不错,整体,正面
1735,_,很不错,整体,正面
1736,物流,很快,物流,正面
1737,_,好迷你,整体,正面
1738,_,很喜欢,整体,正面
1738,_,很喜欢！物流速度很快,整体,正面
1738,_,很好,整体,正面
1738,_,很好，价格实惠,整体,正面
1738,价格,实惠,价格,正面
1738,价格,实惠，老婆很喜欢,价格,正面
1738,物流,很快,物流,正面
1738,物流速度,很快,物流,正面
1739,快递,太快,物流,正面
1739,快递,太快了,物流,正面
1740,_,非常光滑,使用体验,正面
1740,_,非常好,整体,正面
1741,_,无刺激,使用体验,正面
1741,_,无刺激，超赞,使用体验,正面
1741,_,超赞,整体,正面
1741,_,还不错,整体,正面
1741,_,还不错，补水效果很好,整体,正面
1741,补水效果,很好,功效,正面
1742,_,不错,整体,正面
1742,价格,合适,价格,正面
1742,价格,合适！不错,价格,正面
1742,物流,快,物流,正面
1742,物流,快！价格合适,物流,正面
1742,物流,快！价格合适！不错,物流,正面
1743,_,还可以,整体,正面
1743,_,还可以，能够起到遮暇,整体,正面
1744,_,美美哒比想象中好,整体,正面
1745,_,特别好用,整体,正面
1746,_,挺好,整体,正面
1746,温和度,比较好，卸的比较干净,使用体验,正面
1747,_,很好,整体,正面
1747,_,很好，很满意,整体,正面
1747,_,很满意,整体,正面
1748,_,不紧绷,使用体验,正面
1748,_,很好用,整体,正面
1748,_,很好用，卸妆干净,整体,正面
1749,_,很显白,使用体验,正面
1749,_,很显白,功效,正面
1749,_,还挺好,整体,正面
1750,_,不紧绷,使用体验,正面
1750,_,还不错,整体,正面
1750,_,还不错，不紧绷,整体,正面
1751,_,_,_,_
1752,_,_,_,_
1753,_,不干燥,使用体验,正面
1753,_,不干燥味道也很好闻,使用体验,正面
1753,_,挺好用,整体,正面
1753,_,挺好用的,整体,正面
1753,_,比较细腻,使用体验,正面
1753,味道,很好闻,气味,正面
1754,_,便宜,价格,正面
1755,_,挺好的,整体,正面
1756,_,不太喜欢,整体,负面
1756,_,不怎么样,整体,负面
1756,_,不怎么样 不太喜欢,整体,负面
1757,_,很好用,整体,正面
1758,_,好舒服,使用体验,正面
1758,_,很喜欢,整体,正面
1758,_,很喜欢。洗了脸好舒服,整体,正面
1759,保湿,还可以,功效,正面
1760,_,_,_,_
1761,_,不错,整体,正面
1761,_,好评,整体,正面
1761,_,很好,整体,正面
1761,_,很好，质量不错,整体,正面
1761,_,很舒服,使用体验,正面
1761,_,很舒服，好评,使用体验,正面
1762,_,很细润,使用体验,正面
1763,_,挺自然,功效,正面
1763,遮红,挺好,功效,正面
1763,遮红,挺好挺自然,功效,正面
1764,_,太干了,使用体验,负面
1764,_,很香,气味,正面
1765,_,不油腻,使用体验,正面
1765,_,还不错,整体,正面
1765,_,还不错。不油腻,整体,正面
1766,_,很不错,整体,正面
1767,_,挺好的,整体,正面
1768,_,很喜欢,整体,正面
1768,物流,给力,物流,正面
1768,物流,给力，也很喜欢,物流,正面
1769,_,便宜,价格,正面
1769,_,便宜，物流贼快,价格,正面
1769,_,还好,整体,正面
1769,_,还好吧,整体,正面
1769,_,还好吧，主要便宜,整体,正面
1769,物流,贼快,物流,正面
1770,包装,很可爱,包装,正面
1771,价格,合理,价格,正面
1771,送货,很快,物流,正面
1771,送货速度,很快,物流,正面
1772,_,很好,整体,正面
1772,_,很好，很快,整体,正面
1772,_,很快,物流,正面
1773,_,_,_,_
1774,_,物美价廉,价格,正面
1774,_,物美价廉，非常满意,价格,正面
1774,_,非常满意,整体,正面
1774,补水效果,很好,功效,正面
1774,补水效果,很好，面膜也很薄,功效,正面
1775,_,挺好使,整体,正面
1775,_,挺好使的,整体,正面
1775,_,挺好使的，泡沫很多,整体,正面
1775,泡沫,很多,使用体验,正面
1775,泡沫,很多,使用体验,负面
1776,_,还行,整体,正面
1777,补水效果,很好,功效,正面
1778,_,不油腻,使用体验,正面
1778,_,不油腻 成膜快,使用体验,正面
1778,_,挺好的,整体,正面
1778,_,挺好的 也不油腻,整体,正面
1778,_,挺好的 也不油腻 成膜快,整体,正面
1779,_,不错,整体,正面
1779,_,不错，很实惠,整体,正面
1779,_,实惠,价格,正面
1779,_,实惠多了,价格,正面
1779,_,实惠多了。包装很完美,价格,正面
1779,_,很实惠,价格,正面
1779,包装,很完美,包装,正面
1780,包装,非常仔细,包装,正面
1780,包装,非常仔细、严实,包装,正面
1780,发货速度,非常快,物流,正面
1780,发货速度,非常快！我要给好评,物流,正面
1781,_,很好,整体,正面
1782,_,特别喜欢,整体,正面
1783,_,不硬,使用体验,正面
1783,_,不硬，敷上后没有刺痛,使用体验,正面
1783,_,很柔滑,使用体验,正面
1783,_,很柔滑，不硬,使用体验,正面
1784,送货速度,很快,物流,正面
1785,_,不错,整体,正面
1785,_,不错，很喜欢,整体,正面
1785,_,很喜欢,整体,正面
1786,_,很划算,价格,正面
1786,_,很好用,整体,正面
1786,_,很好用，遮暇,整体,正面
1786,_,很好用，遮暇，棒棒的,整体,正面
1786,_,棒棒的,整体,正面
1786,_,遮暇,功效,正面
1786,_,遮暇，棒棒的,功效,正面
1786,发货和送货速度,很快,物流,正面
1787,快递员服务,很好,物流,正面
1788,_,很补水,功效,正面
1788,_,很补水，精华液很多,功效,正面
1788,_,挺好用,整体,正面
1788,_,挺好用的,整体,正面
1788,_,挺好用的，很补水,整体,正面
1788,精华液,很多,成分,正面
1789,_,不错,整体,正面
1789,_,不错，质量好,整体,正面
1789,_,不错，质量好，物流快,整体,正面
1789,物流,快,物流,正面
1790,_,不刺激,使用体验,正面
1790,_,不刺激皮肤喜欢,使用体验,正面
1790,_,不刺激皮肤喜欢很好,使用体验,正面
1790,_,喜欢,整体,正面
1790,_,喜欢很好,整体,正面
1790,_,很好,整体,正面
1790,_,没有过敏现象也不刺激,使用体验,正面
1790,_,特别舒服,使用体验,正面
1790,_,特别舒服没有过敏,使用体验,正面
1790,_,超级喜欢,整体,正面
1791,包装,可以,包装,正面
1792,_,比较水润,使用体验,正面
1792,_,比较水润的,使用体验,正面
1793,_,蛮喜欢,整体,正面
1793,_,蛮喜欢的,整体,正面
1794,物流,很快,物流,正面
1795,_,便宜,价格,正面
1796,_,好痒,使用体验,负面
1796,_,好痒，感觉过敏,使用体验,负面
1796,_,过敏,使用体验,负面
1797,_,很好,整体,正面
1797,_,很好，是正品,整体,正面
1797,_,是正品,真伪,正面
1798,_,补水,功效,正面
1798,快递小哥,很快,物流,正面
1798,快递小哥服务态度,很快,物流,正面
1799,_,挺好用,整体,正面
1799,_,挺好用的,整体,正面
1800,_,非常不错,整体,正面
1801,_,_,_,_
1802,_,太赞了,整体,正面
1803,_,很好用,整体,正面
1803,_,很好用的面膜哟，挺薄,整体,正面
1803,_,很水润,使用体验,正面
1803,_,挺薄,使用体验,正面
1803,_,挺薄的,使用体验,正面
1803,_,挺薄的，也很水润,使用体验,正面
1804,_,不错,整体,正面
1805,_,_,_,_
1806,_,不错,整体,正面
1806,_,不错是正品,整体,正面
1806,_,不错是正品，物流也快,整体,正面
1806,_,是正品,真伪,正面
1806,_,是正品，物流也快,真伪,正面
1806,物流,快,物流,正面
1807,_,挺好用,整体,正面
1807,_,挺好用的,整体,正面
1808,_,_,_,_
1809,_,不错,整体,正面
1809,_,不错不错,整体,正面
1810,_,是正品,真伪,正面
1811,_,不油腻,使用体验,正面
1811,_,不油腻不紧绷，喜欢,使用体验,正面
1811,_,不紧绷,使用体验,正面
1811,_,不紧绷，喜欢,使用体验,正面
1811,_,喜欢,整体,正面
1811,_,很好用,整体,正面
1811,_,很好用，滋润,整体,正面
1811,_,很好用，滋润不油腻,整体,正面
1811,_,滋润,使用体验,正面
1811,_,滋润不油腻,使用体验,正面
1811,_,滋润不油腻不紧绷,使用体验,正面
1812,_,喜欢,整体,正面
1812,_,喜欢，很自然,整体,正面
1812,_,很自然,功效,正面
1812,_,挺好用,整体,正面
1812,_,挺好用的,整体,正面
1812,_,挺好用的，我我喜欢,整体,正面
1813,_,不错,整体,正面
1813,_,不错，用了脸湿湿的,整体,正面
1814,_,好评,整体,正面
1814,_,很好用,整体,正面
1814,_,很好用，这次看到特价,整体,正面
1815,_,好评,整体,正面
1815,_,很喜欢,整体,正面
1815,_,很喜欢 好评,整体,正面
1816,_,很自然,功效,正面
1816,_,非常不错,整体,正面
1816,_,非常不错，有淡淡,整体,正面
1816,_,非常不错，有淡淡的,整体,正面
1817,_,喜欢,整体,正面
1817,_,比较水润,使用体验,正面
1817,_,比较水润，喜欢,使用体验,正面
1817,_,特别实惠,价格,正面
1818,_,挺好用,整体,正面
1818,_,挺好用的,整体,正面
1818,隔离效果,超级棒,功效,正面
1819,_,不错,整体,正面
1819,_,不错，颜色很正,整体,正面
1819,颜色,很正,功效,正面
1820,_,不错,整体,正面
1820,_,不错，发货快,整体,正面
1820,_,不错，发货快，东西好,整体,正面
1820,_,好,整体,正面
1820,发货,快,物流,正面
1820,发货,快，东西好,物流,正面
1821,_,划算,价格,正面
1821,_,贴肤,使用体验,正面
1821,_,贴肤好用,使用体验,正面
1822,_,不错,整体,正面
1822,_,不错的,整体,正面
1822,_,不错的，客服态度很好,整体,正面
1822,_,很好,整体,正面
1822,_,很好满意,整体,正面
1822,_,满意,整体,正面
1822,客服态度,不错的,服务,正面
1822,客服态度,很好,服务,正面
1822,客服态度,很好，很好,服务,正面
1822,客服态度,很好，很好满意,服务,正面
1823,_,_,_,_
1824,_,还可以,整体,正面
1825,_,_,_,_
1826,_,_,_,_
1827,_,特别好用,整体,正面
1827,发货,特别快,物流,正面
1828,_,挺干净,功效,正面
1828,_,挺干净的,功效,正面
1829,_,还不错,整体,正面
1830,_,非常好用,整体,正面
1831,_,不错,整体,正面
1831,_,不错，不错,整体,正面
1832,_,不怎么好用,整体,负面
1833,_,_,_,_
1834,_,还不错,整体,正面
1835,_,不紧绷,使用体验,正面
1835,_,很柔和,使用体验,正面
1835,_,很柔和，不紧绷,使用体验,正面
1835,_,挺好用,整体,正面
1835,_,挺好用，很柔和,整体,正面
1836,补水效果,不错,功效,正面
1837,_,不错,整体,正面
1837,_,物美价廉,价格,正面
1838,_,_,_,_
1839,_,_,_,_
1840,_,不干,使用体验,正面
1840,_,很润,使用体验,正面
1840,_,挺好的,整体,正面
1840,保湿,很好,功效,正面
1840,保湿,很好，不干,功效,正面
1841,_,很保湿,功效,正面
1841,_,很好,整体,正面
1841,_,很好，也很保湿,整体,正面
1842,_,还不错,整体,正面
1843,_,很合适,整体,正面
1844,_,蛮好的,整体,正面
1845,_,还不错,整体,正面
1845,精华,挺多,成分,正面
1845,精华,挺多的,成分,正面
1845,精华,挺多的，还不错,成分,正面
1846,_,不错,整体,正面
1847,_,挺好用的,整体,正面
1848,_,_,_,_
1849,_,不好,整体,负面
1850,_,不错,整体,正面
1851,_,挺好用,整体,正面
1851,_,挺好用的,整体,正面
1851,_,挺好用的正品,整体,正面
1851,_,正品,真伪,正面
1852,物流,很快,物流,正面
1852,物流速度,很快,物流,正面
1853,_,_,_,_
1854,_,_,_,_
1855,_,不油腻,使用体验,正面
1855,_,挺清爽,使用体验,正面
1855,_,挺清爽的,使用体验,正面
1855,_,挺清爽的。不油腻,使用体验,正面
1856,_,好划算,价格,正面
1857,美白效果,有的,功效,正面
1858,_,_,_,_
1859,_,不错,整体,正面
1859,_,不错，好评,整体,正面
1859,_,好评,整体,正面
1860,_,很好用,整体,正面
1860,_,很好用的,整体,正面
1860,_,是正品,真伪,正面
1860,_,是正品，很好用,真伪,正面
1860,_,是正品，很好用的,真伪,正面
1861,_,不错,整体,正面
1861,_,不错，看着很好用,整体,正面
1861,_,很好用,整体,正面
1862,_,不刺激,使用体验,正面
1862,_,不刺激，用完脸滑滑的,使用体验,正面
1862,_,温和,使用体验,正面
1862,_,温和不刺激,使用体验,正面
1862,_,滑滑的,使用体验,正面
1862,_,滑滑的，舒服,使用体验,正面
1862,_,舒服,使用体验,正面
1863,物流,很快,物流,正面
1864,_,很好,整体,正面
1864,物流,超快,物流,正面
1864,物流,超快，东西很好,物流,正面
1865,_,还不错,整体,正面
1866,_,好白,功效,正面
1866,_,挺清爽,使用体验,正面
1866,_,挺清爽的,使用体验,正面
1866,_,挺清爽的 清洁也可以,使用体验,正面
1866,_,满意,整体,正面
1866,_,满意  用着也挺清爽的,整体,正面
1867,_,挺好的,整体,正面
1868,_,很不错,整体,正面
1868,_,很不错，有增白,整体,正面
1868,_,很不错，有增白效果,整体,正面
1868,_,有增白,功效,正面
1869,_,不紧绷,使用体验,正面
1869,_,不错,整体,正面
1869,_,不错，挺好用的,整体,正面
1869,_,不错，挺好用的，干净,整体,正面
1869,_,干净,功效,正面
1869,_,干净不紧绷,功效,正面
1869,_,挺好用的,整体,正面
1869,_,挺好用的，干净,整体,正面
1869,_,挺好用的，干净不紧绷,整体,正面
1870,_,很好,整体,正面
1870,_,很满意,整体,正面
1870,_,炒鸡很满意,整体,正面
1870,价格,优惠,价格,正面
1870,价格,优惠质量保证,价格,正面
1870,价格,优惠质量保证送货快,价格,正面
1870,送货,快,物流,正面
1870,送货,快炒鸡很满意,物流,正面
1871,_,_,_,_
1872,_,_,_,_
1873,_,_,_,_
1874,_,好用,整体,正面
1875,_,非常满意,整体,正面
1876,_,很划算,价格,正面
1877,_,_,_,_
1878,_,嫩嫩的,使用体验,正面
1878,_,很好用,整体,正面
1878,_,很好用。嫩嫩的,整体,正面
1879,_,很好,整体,正面
1879,_,很好，很快,整体,正面
1879,_,很快,物流,正面
1880,_,服帖,使用体验,正面
1881,_,水水的,使用体验,正面
1881,_,水水的，滑滑的,使用体验,正面
1881,_,滑滑的,使用体验,正面
1881,补水效果,可以,功效,正面
1881,补水效果,可以的,功效,正面
1882,_,挺好用,整体,正面
1882,_,挺好用的,整体,正面
1883,_,很实惠,价格,正面
1883,_,很实惠，很满意,价格,正面
1883,速度,超快,物流,正面
1884,_,不错,整体,正面
1885,_,很喜欢,整体,正面
1885,_,很喜欢，赞一下,整体,正面
1885,_,赞一下,整体,正面
1886,_,不干,使用体验,正面
1886,_,不干，不过敏,使用体验,正面
1886,_,不过敏,使用体验,正面
1886,_,不过敏，真的不错,使用体验,正面
1886,_,不错,整体,正面
1886,_,很细腻,使用体验,正面
1886,_,很细腻，不干,使用体验,正面
1886,_,很细腻，不干，不过敏,使用体验,正面
1886,_,很自然,功效,正面
1886,_,很自然，很细腻,功效,正面
1886,_,很自然，很细腻，不干,功效,正面
1886,_,真的不错,整体,正面
1887,_,特别好用,整体,正面
1887,发货,特别快,物流,正面
1888,_,不错,整体,正面
1889,_,喜欢,整体,正面
1890,_,还不错,整体,正面
1891,活动,还不错,价格,正面
1891,活动价格,还不错,价格,正面
1892,_,还不错,整体,正面
1893,_,好用,整体,正面
1894,_,不油腻,使用体验,正面
1894,_,不油腻，吸收很快,使用体验,正面
1894,_,清爽,使用体验,正面
1894,_,清爽不油腻,使用体验,正面
1894,_,清爽不油腻，吸收很快,使用体验,正面
1894,包装,很好看,包装,正面
1894,吸收,很快,使用体验,正面
1895,_,补水,功效,正面
1895,_,补水  皮肤变得好多了,功效,正面
1895,_,非常好,整体,正面
1895,_,非常棒,整体,正面
1895,_,非常棒补水,整体,正面
1896,_,很好,整体,正面
1897,_,不紧绷,使用体验,正面
1898,_,_,_,_
1899,_,好喜欢,整体,正面
1899,物流,好给力,物流,正面
1900,_,不错,整体,正面
1901,_,实惠,价格,正面
1901,_,还可以,整体,正面
1901,_,还可以，实惠,整体,正面
1902,_,挺不错,整体,正面
1902,_,挺不错的,整体,正面
1903,_,不错,整体,正面
1903,味道,挺好闻,气味,正面
1903,味道,挺好闻的,气味,正面
1904,_,还可以的,整体,正面
1905,包装,很好,包装,正面
1905,泡沫,细腻,使用体验,正面
1905,泡沫,细腻柔软,使用体验,正面
1905,泡沫,细腻柔软，用着舒服,使用体验,正面
1906,_,喜欢,整体,正面
1907,_,不紧绷,使用体验,正面
1907,_,好用,整体,正面
1907,_,好用，用后不紧绷,整体,正面
1908,_,_,_,_
1909,_,比较滋润,使用体验,正面
1909,_,比较滋润，没有干燥,使用体验,正面
1909,_,没有干燥,使用体验,正面
1909,_,没有干燥起皮,使用体验,正面
1910,_,不错,整体,正面
1910,_,不错，颜色比较自然,整体,正面
1910,颜色,比较自然,功效,正面
1911,_,不油腻,使用体验,正面
1911,_,不油腻，好评,使用体验,正面
1911,_,好评,整体,正面
1911,补水效果,好,功效,正面
1911,补水效果,好，还不油腻,功效,正面
1911,补水效果,好，还不油腻，好评,功效,正面
1912,_,挺好的,整体,正面
1913,包装,没有损坏,包装,正面
1914,_,喜欢,整体,正面
1914,_,很润,使用体验,正面
1914,_,很自然,功效,正面
1914,_,很自然 喜欢,功效,正面
1914,_,非常不错,整体,正面
1914,_,非常不错 很润,整体,正面
1915,_,不错,整体,正面
1915,_,不错，味道淡淡的,整体,正面
1915,味道,淡淡的,气味,正面
1915,味道,淡淡的，挺好闻,气味,正面
1916,_,不错,整体,正面
1916,_,不错，妈妈很喜欢,整体,正面
1916,_,很喜欢,整体,正面
1917,_,不错,整体,正面
1918,送货,很快,物流,正面
1918,送货速度,很快,物流,正面
1919,_,_,_,_
1920,_,不粘,使用体验,正面
1920,_,不粘，是我喜欢,使用体验,正面
1920,_,喜欢,整体,正面
1920,_,很服帖,使用体验,正面
1920,_,很服帖，精华清爽,使用体验,正面
1920,_,很服帖，精华清爽不粘,使用体验,正面
1921,_,物美价廉,价格,正面
1922,_,不错,整体,正面
1923,_,很满意,整体,正面
1924,_,_,_,_
1925,_,挺水润,使用体验,正面
1925,_,挺水润的,使用体验,正面
1926,_,不过敏,使用体验,正面
1926,_,好用,整体,正面
1926,_,好用不过敏,整体,正面
1927,_,非常喜欢,整体,正面
1927,价格,非常实惠,价格,正面
1928,_,还可以,整体,正面
1928,_,还可以的,整体,正面
1929,_,很好,整体,正面
1929,_,很好，价格非常实惠,整体,正面
1929,价格,非常实惠,价格,正面
1929,服务,非常热情,服务,正面
1930,_,_,_,_
1931,_,不油腻,使用体验,正面
1931,_,不油腻很喜欢,使用体验,正面
1931,_,很喜欢,整体,正面
1931,_,清爽,使用体验,正面
1931,_,清爽不油腻,使用体验,正面
1931,_,清爽不油腻很喜欢,使用体验,正面
1932,_,挺好的,整体,正面
1933,_,五星好评,整体,正面
1933,_,物美价廉,价格,正面
1933,_,物美价廉，货真价实,价格,正面
1934,_,还可以,整体,正面
1934,_,还可以吧，补水还行,整体,正面
1935,_,很舒服,使用体验,正面
1935,_,赞赞,整体,正面
1935,_,超级划算,价格,正面
1936,_,一般,整体,中性
1936,_,一般，精华太少,整体,中性
1937,_,还不错,整体,正面
1937,_,还行,整体,正面
1938,_,_,_,_
1939,_,很不错,整体,正面
1940,_,不绷紧,使用体验,正面
1940,_,不绷紧  很喜欢,使用体验,正面
1940,_,很喜欢,整体,正面
1940,_,温和,使用体验,正面
1940,_,温和 洗后又不绷紧,使用体验,正面
1940,_,超棒的,整体,正面
1940,_,非常合适,整体,正面
1940,_,非常合适的洗面奶 温和,整体,正面
1941,_,不错,整体,正面
1942,_,润润的,使用体验,正面
1942,_,非常合算,价格,正面
1943,_,非常棒,整体,正面
1944,_,非常好,整体,正面
1944,_,非常好 必须好评,整体,正面
1945,_,是正品,真伪,正面
1945,包装,完好,包装,正面
1945,包装,完好，应该是正品,包装,正面
1946,_,柔和,使用体验,正面
1946,_,柔和 细腻,使用体验,正面
1946,_,柔和 细腻 美好,使用体验,正面
1946,_,柔和 细腻 美好 喜欢,使用体验,正面
1946,_,细腻,使用体验,正面
1946,_,细腻 美好,使用体验,正面
1946,_,细腻 美好 喜欢,使用体验,正面
1946,_,美好 喜欢,整体,正面
1946,_,非常好用,整体,正面
1946,_,非常好用 柔和,整体,正面
1946,_,非常好用 柔和 细腻,整体,正面
1947,_,红肿,使用体验,负面
1948,_,很划算,价格,正面
1948,_,很舒服,使用体验,正面
1949,_,一般般,整体,中性
1949,_,一般般，感觉很干,整体,中性
1949,_,不服帖,使用体验,负面
1949,_,很干,使用体验,负面
1949,_,很干，抹不开,使用体验,负面
1949,_,很干，抹不开，不服帖,使用体验,负面
1950,_,不错,整体,正面
1950,_,不错，包装精美,整体,正面
1950,包装,精美,包装,正面
1950,包装,精美，日期新鲜,包装,正面
1951,_,很水嫩,使用体验,正面
1951,_,很水嫩 保湿效果不错,使用体验,正面
1951,_,还行,整体,正面
1951,_,还行  很水嫩,整体,正面
1951,保湿效果,不错,功效,正面
1952,泡沫,细腻,使用体验,正面
1952,泡沫,细腻丰富,使用体验,正面
1953,_,还不错,整体,正面
1953,价格,实惠,价格,正面
1954,_,_,_,_
1955,_,很喜欢,整体,正面
1955,_,挺水润,使用体验,正面
1955,_,挺水润的,使用体验,正面
1955,_,挺水润的，很喜欢,使用体验,正面
1956,_,不过敏,使用体验,正面
1956,_,很好用,整体,正面
1956,_,很好用  不过敏,整体,正面
1957,_,不过敏,使用体验,正面
1957,_,很好,整体,正面
1957,_,是正品,真伪,正面
1957,_,是正品  很好,真伪,正面
1958,_,不油腻,使用体验,正面
1958,_,不油腻有点增白,使用体验,正面
1958,_,蛮好，试用了下不油腻,整体,正面
1958,香味,淡淡的,气味,正面
1958,香味,淡淡的蛮好,气味,正面
1959,_,很满意,整体,正面
1959,保湿效果,不错,功效,正面
1959,发货速度,快,物流,正面
1959,发货速度,快，很满意,物流,正面
1960,_,不过敏,使用体验,正面
1960,_,保湿,功效,正面
1960,_,保湿不过敏,功效,正面
1960,_,滋润,使用体验,正面
1960,_,滋润保湿,使用体验,正面
1960,_,滋润保湿不过敏,使用体验,正面
1960,_,非常好用,整体,正面
1960,_,非常好用的面膜，滋润,整体,正面
1961,_,_,_,_
1962,快递,挺快,物流,正面
1962,快递,挺快的,物流,正面
1962,快递,挺快的，包装的也很好,物流,正面
1963,_,好评,整体,正面
1964,_,不错,整体,正面
1964,_,不错。赠品好用,整体,正面
1964,_,很实惠,价格,正面
1964,赠品,好用,价格,正面
1964,赠品,好用。很实惠,价格,正面
1965,_,还不错,整体,正面
1966,_,_,_,_
1967,_,非常满意,整体,正面
1968,_,比较方便,整体,正面
1969,_,不太好用,整体,负面
1969,_,不太好用太干,整体,负面
1969,_,太干,使用体验,负面
1970,_,挺好的,整体,正面
1970,_,挺好的，自然,整体,正面
1970,_,挺好的，自然不显假,整体,正面
1970,_,自然,功效,正面
1970,_,自然不显假,功效,正面
1971,_,很好用,整体,正面
1971,优惠力度,很高,价格,正面
1971,优惠力度,很高呢，面膜很好用,价格,正面
1972,物流,好快,物流,正面
1973,_,蛮清爽,使用体验,正面
1973,_,蛮清爽的,使用体验,正面
1974,_,很刺眼,使用体验,负面
1975,_,不会起皮,使用体验,正面
1975,_,很明显,整体,正面
1975,_,很自然,功效,正面
1975,_,很自然，不会起皮,功效,正面
1975,味道,很不错,气味,正面
1975,味道,很不错的，很清新,气味,正面
1975,味道,很清新,气味,正面
1975,味道,很清新，感觉很不错,气味,正面
1976,_,好用,整体,正面
1977,_,_,_,_
1978,_,有点点白,功效,正面
1978,味道,还行,气味,正面
1978,味道,还行，涂上去有点点白,气味,正面
1979,发货,很快,物流,正面
1979,发货速度,很快,物流,正面
1980,_,不错,整体,正面
1980,_,不错，还送了赠品,整体,正面
1980,_,很实惠,价格,正面
1980,_,很实惠，用着不错,价格,正面
1981,_,很不错,整体,正面
1981,_,很满意,整体,正面
1981,_,很满意，就是味道不大,整体,正面
1982,_,好评,整体,正面
1982,_,挺好用的,整体,正面
1982,_,挺好用的，比较服帖,整体,正面
1982,_,比较服帖,使用体验,正面
1982,_,比较服帖自然,使用体验,正面
1982,_,自然,功效,正面
1983,_,好评,整体,正面
1983,_,还可以,整体,正面
1983,_,还可以，价格优惠,整体,正面
1983,价格,优惠,价格,正面
1983,价格,优惠，好评,价格,正面
1984,_,是正品,真伪,正面
1985,_,挺补水,功效,正面
1985,_,挺补水的,功效,正面
1985,_,超划算,价格,正面
1985,_,超划算，用过挺补水,价格,正面
1985,_,超划算，用过挺补水的,价格,正面
1986,_,挺好的,整体,正面
1986,_,挺好的，遮瑕效果不错,整体,正面
1986,遮瑕效果,不错,功效,正面
1987,_,很均匀,使用体验,正面
1987,_,很均匀，还有股小清香,使用体验,正面
1987,_,挺好用,整体,正面
1987,_,挺好用的,整体,正面
1987,_,还不错,整体,正面
1987,_,还不错涂得很均匀,整体,正面
1988,_,很滑,使用体验,正面
1989,_,挺好的,整体,正面
1990,_,非常好用,整体,正面
1990,价格,不贵,价格,正面
1991,_,很好用,整体,正面
1991,_,很好用，很适合,整体,正面
1991,_,很适合,整体,正面
1992,_,好用,整体,正面
1993,_,不脱妆,使用体验,正面
1993,_,不脱妆，性价比高,使用体验,正面
1993,_,提亮,功效,正面
1993,_,提亮，不脱妆,功效,正面
1994,_,很适合,整体,正面
1995,味道,淡淡的,气味,正面
1995,味道,淡淡的还行,气味,正面
1996,_,不干,使用体验,正面
1996,_,不干，还遮瑕,使用体验,正面
1996,_,很滋润,使用体验,正面
1996,_,很滋润不干,使用体验,正面
1996,_,很滋润不干，还遮瑕,使用体验,正面
1996,_,遮瑕,功效,正面
1997,_,不刺激,使用体验,正面
1997,_,凉凉的,使用体验,正面
1997,_,凉凉的特别舒服,使用体验,正面
1997,_,特别喜欢,整体,正面
1997,_,特别舒服,使用体验,正面
1997,_,特别舒服。不刺激,使用体验,正面
1998,_,很棒,整体,正面
1998,_,是正品,真伪,正面
1998,_,是正品，味道淡淡的,真伪,正面
1998,味道,淡淡,气味,正面
1999,_,好,整体,正面
2000,_,好实惠,价格,正面
2000,_,非常好用,整体,正面
2001,_,_,_,_
2002,_,挺不错,整体,正面
2002,_,挺不错的,整体,正面
2003,_,非常好看,整体,正面
2003,_,非常好看，不墙白,整体,正面
2004,_,好,整体,正面
2005,_,挺好的,整体,正面
2006,_,不刺激,使用体验,正面
2006,_,挺柔和,使用体验,正面
2006,_,挺柔和的,使用体验,正面
2006,_,挺柔和的，不刺激,使用体验,正面
2007,_,挺好用,整体,正面
2007,_,挺好用的,整体,正面
2007,保湿效果,很好,功效,正面
2008,_,凉凉的,使用体验,正面
2009,_,一般般,整体,中性
2010,_,非常好用,整体,正面
2011,补水效果,不错,功效,正面
2012,_,很温和,使用体验,正面
2013,_,_,_,_
2014,_,挺好的,整体,正面
2015,_,不会腻,使用体验,正面
2015,_,很锁水,功效,正面
2016,_,_,_,_
2017,_,滋润,使用体验,正面
2017,_,滋润并美白,使用体验,正面
2017,_,美白,功效,正面
2017,隔离效果,好,功效,正面
2017,隔离效果,好，滋润,功效,正面
2017,隔离效果,好，滋润并美白,功效,正面
2018,_,五星好评,整体,正面
2018,补水保湿,可以,功效,正面
2018,补水保湿,可以，五星好评,功效,正面
2019,_,_,_,_
2020,_,不错,整体,正面
2021,_,不过敏,使用体验,正面
2021,_,不过敏，不过味道太浓,使用体验,正面
2022,_,还不错,整体,正面
2023,_,很好,整体,正面
2024,_,五星好评,整体,正面
2024,_,物美价廉,价格,正面
2024,_,物美价廉，发货很快,价格,正面
2024,发货,很快,物流,正面
2025,_,挺好看,整体,正面
2025,_,挺好看用,整体,正面
2026,_,_,_,_
2027,_,_,_,_
2028,_,_,_,_
2029,_,比较轻薄,使用体验,正面
2029,_,还可以,整体,正面
2029,_,还可以，比较轻薄,整体,正面
2030,_,喜欢,整体,正面
2031,_,特别补水,功效,正面
2032,_,太好,整体,正面
2032,_,太好了,整体,正面
2032,_,细腻,使用体验,正面
2032,_,细腻，看着自然,使用体验,正面
2032,_,自然,功效,正面
2033,_,挺好用,整体,正面
2033,_,挺好用的,整体,正面
2034,_,很划算,价格,正面
2034,_,很划算，超级实惠,价格,正面
2034,_,很好用,整体,正面
2034,_,很温和,使用体验,正面
2034,_,很温和，还不错,使用体验,正面
2034,_,挺舒服的,使用体验,正面
2034,_,超级实惠,价格,正面
2034,_,还不错,整体,正面
2034,_,还不错，挺舒服的,整体,正面
2035,_,非常好用,整体,正面
2035,活动,超级划算,价格,正面
2036,_,垃圾,整体,负面
2036,_,垃圾，差评,整体,负面
2036,_,差评,整体,负面
2037,_,特别好用,整体,正面
2037,送货,特别快,物流,正面
2038,_,实惠,价格,正面
2038,_,很不错,整体,正面
2038,_,很不错呀实惠,整体,正面
2039,_,不错,整体,正面
2039,_,不错，好用,整体,正面
2039,_,好用,整体,正面
2040,_,很不错,整体,正面
2040,_,很不错，味道也好,整体,正面
2040,味道,好,气味,正面
2041,_,很轻薄,使用体验,正面
2042,_,是正品,真伪,正面
2042,_,是正品满意,真伪,正面
2042,_,是正品满意满意,真伪,正面
2042,_,满意,整体,正面
2042,_,满意满意,整体,正面
2043,_,挺不错,整体,正面
2043,物流,很快,物流,正面
2044,_,_,_,_
2045,_,挺好的,整体,正面
2045,价钱,挺好的,价格,正面
2046,_,_,_,_
2047,_,还不错,整体,正面
2048,精华,特别多,成分,正面
2049,_,不腻,使用体验,正面
2049,_,很喜欢,整体,正面
2049,_,很喜欢，有股淡淡,整体,正面
2049,_,很喜欢，有股淡淡的,整体,正面
2050,_,还行,整体,正面
2050,包装,还可以,包装,正面
2051,_,不错,整体,正面
2051,_,很自然,功效,正面
2052,_,好用,整体,正面
2052,_,好用，很服帖,整体,正面
2052,_,很服帖,使用体验,正面
2053,_,_,_,_
2054,_,发干,使用体验,负面
2054,_,发干，起皮严重,使用体验,负面
2055,_,不错,整体,正面
2055,_,不错 感觉上妆很合适,整体,正面
2055,_,挺好的,整体,正面
2055,_,挺好的 不错,整体,正面
2056,_,_,_,_
2057,_,便宜,价格,正面
2057,_,便宜太多,价格,正面
2057,_,便宜太多了 太划算,价格,正面
2057,_,便宜太多了 太划算了,价格,正面
2057,_,太划算,价格,正面
2057,_,太划算了,价格,正面
2057,_,好用,整体,正面
2057,_,好用比店里的便宜,整体,正面
2058,价格,实惠,价格,正面
2058,价格,实惠，送货快,价格,正面
2058,送货,快,物流,正面
2059,_,不错,整体,正面
2059,_,不错，爱妻非常喜欢,整体,正面
2059,_,非常喜欢,整体,正面
2059,快递小哥,到位,物流,正面
2059,快递小哥服务,到位,物流,正面
2060,_,好非常,整体,正面
2060,_,很清爽,使用体验,正面
2060,_,很清爽，嗯，好,使用体验,正面
2060,_,很清爽，嗯，好非常,使用体验,正面
2061,味道,淡淡,气味,正面
2061,味道,淡淡的,气味,正面
2061,味道,淡淡的清香,气味,正面
2061,味道,淡淡的清香 赠品很多,气味,正面
2061,赠品,很多,价格,正面
2061,赠品,很多 很满意,价格,正面
2062,_,_,_,_
2063,_,挺好的,整体,正面
2064,_,_,_,_
2065,包装,精致,包装,正面
2065,包装,精致，一如既往的好,包装,正面
2065,物流,相当快,物流,正面
2065,物流,相当快，包装精致,物流,正面
2066,_,好用,整体,正面
2066,_,好用，特别湿润,整体,正面
2066,_,好用，特别湿润舒服,整体,正面
2066,_,特别湿润,使用体验,正面
2066,_,特别湿润舒服,使用体验,正面
2066,补水效果,没得说,功效,正面
2066,补水效果,没得说，做工细致,功效,正面
2067,_,很好,整体,正面
2067,上妆效果,比较自然,功效,正面
2068,_,_,_,_
2069,_,_,_,_
2070,_,好用,整体,正面
2071,_,过敏,使用体验,负面
2071,_,过敏，很严重,使用体验,负面
2072,_,是正品,真伪,正面
2072,物流,超快,物流,正面
2073,补水效果,很好,功效,正面
2073,补水效果,很好又刺激的,功效,正面
2073,补水效果,很好又刺激的，最爱,功效,正面
2074,_,很服帖,使用体验,正面
2074,_,很服帖，容量多,使用体验,正面
2075,_,_,_,_
2076,_,很服帖,使用体验,正面
2076,_,很服帖。挺遮毛孔的,使用体验,正面
2076,_,挺遮毛孔的,功效,正面
2076,持妆效果,不错,功效,正面
2077,_,不错,整体,正面
2077,_,不错，阿姨很喜欢,整体,正面
2077,_,很喜欢,整体,正面
2078,_,还可以,整体,正面
2078,价格,合理,价格,正面
2079,_,不错,整体,正面
2079,_,不错的,整体,正面
2079,_,不错的，质量还可以,整体,正面
2079,_,还可以,整体,正面
2080,_,满意,整体,正面
2080,_,满意给五个星好评,整体,正面
2080,_,非常喜欢,整体,正面
2080,_,非常喜欢保湿很好,整体,正面
2080,保湿,不错,功效,正面
2080,保湿很好遮暇效果,不错,功效,正面
2080,快递,很快,物流,正面
2080,快递,很快满意,物流,正面
2080,快递,很快满意给五个星好评,物流,正面
2080,遮暇效果,不错,功效,正面
2081,_,很划算,价格,正面
2081,_,挺好的,整体,正面
2082,_,很不错,整体,正面
2082,_,很服帖,使用体验,正面
2082,_,很服帖，淡紫色,使用体验,正面
2082,_,很服帖，淡紫色很好看,使用体验,正面
2082,味道,香香的,气味,正面
2082,味道,香香的，感觉很不错,气味,正面
2083,_,很划算,价格,正面
2083,_,很服帖,使用体验,正面
2083,_,很服帖，也很划算,使用体验,正面
2083,_,很水润,使用体验,正面
2083,_,很水润，也很服帖,使用体验,正面
2084,_,很好吸收,使用体验,正面
2084,_,还可以,整体,正面
2084,_,还可以，很好吸收,整体,正面
2085,_,蛮好的,整体,正面
2086,_,好评,整体,正面
2087,_,_,_,_
2088,_,蛮好的,整体,正面
2089,_,没有过敏,使用体验,正面
2089,_,还不错,整体,正面
2089,_,还不错，没有过敏,整体,正面
2090,_,不会太干,使用体验,正面
2090,_,不会太干，价格适中,使用体验,正面
2090,_,很不错,整体,正面
2090,_,很喜欢,整体,正面
2090,_,很喜欢这个粉粉的,整体,正面
2090,价格,适中,价格,正面
2090,价格,适中。很喜欢,价格,正面
2091,价格,实惠,价格,正面
2092,_,一般般,整体,中性
2093,_,挺好的,整体,正面
2093,_,挺好的，快递非常快,整体,正面
2093,_,挺滋润,使用体验,正面
2093,_,是正品,真伪,正面
2093,_,是正品，而且挺滋润,真伪,正面
2093,_,特别方便,使用体验,正面
2093,_,特别方便，这两挺好的,使用体验,正面
2093,快递,非常快,物流,正面
2094,_,很好用,整体,正面
2095,_,很好用,整体,正面
2095,_,是正品,真伪,正面
2095,_,是正品很好用,真伪,正面
2096,_,好用,整体,正面
2096,_,好用、非常喜欢,整体,正面
2096,_,非常喜欢,整体,正面
2097,_,挺好的,整体,正面
2098,_,很补水,功效,正面
2098,_,超喜欢,整体,正面
2098,_,超喜欢 包装也很漂亮,整体,正面
2098,包装,很漂亮,包装,正面
2099,_,喜欢,整体,正面
2100,_,很满意,整体,正面
2100,物流,很快,物流,正面
2101,_,容易抹开,使用体验,正面
2101,_,容易抹开，很喜欢,使用体验,正面
2101,_,很不错,整体,正面
2101,_,很不错，容易抹开,整体,正面
2101,_,很喜欢,整体,正面
2102,_,不稀,使用体验,正面
2102,_,很划算,价格,正面
2103,_,_,_,_
2104,_,物美价廉,价格,正面
2104,包装,精美,包装,正面
2104,包装,精美，物美价廉,包装,正面
2105,_,很喜欢,整体,正面
2105,_,很喜欢，上妆特别服帖,整体,正面
2105,_,特别服帖,使用体验,正面
2105,_,特别服帖，物流也很快,使用体验,正面
2105,价格,实惠,价格,正面
2105,物流,很快,物流,正面
2105,物流,很快，价格实惠,物流,正面
2106,_,很棒,整体,正面
2107,_,很好用,整体,正面
2107,_,很好用，快递也很快,整体,正面
2107,_,是正品,真伪,正面
2107,快递,很快,物流,正面
2107,快递,很快，是正品,物流,正面
2108,_,挺自然,功效,正面
2108,_,挺自然，遮瑕不太好,功效,正面
2108,_,还不错,整体,正面
2108,_,还不错，挺自然,整体,正面
2109,_,好好好,整体,正面
2109,_,好好好活动价下划算,整体,正面
2110,_,_,_,_
2111,_,不错,整体,正面
2112,_,非常好,整体,正面
2112,快递,很快,物流,正面
2112,快递速度,很快,物流,正面
2113,价格,比较便宜,价格,正面
2114,_,_,_,_
2115,_,很不错,整体,正面
2115,性价比,高,价格,正面
2115,性价比,高，很不错,价格,正面
2116,_,挺好的,整体,正面
2117,_,挺好的,整体,正面
2118,_,有点刺痛,使用体验,负面
2119,_,_,_,_
2120,_,太满意,整体,正面
2120,_,太满意了,整体,正面
2120,_,很划算,价格,正面
2120,_,很好用,整体,正面
2120,_,很好用，而且很划算,整体,正面
2121,补水效果,很不错,功效,正面
2122,_,5分好评,整体,正面
2122,_,不是特紧绷。物流快,使用体验,正面
2122,_,好,整体,正面
2122,_,好！洗得干净,整体,正面
2122,物流,快,物流,正面
2122,物流,快！5分好评,物流,正面
2123,_,大爱,整体,正面
2123,_,特别好,整体,正面
2123,_,特别好，大爱,整体,正面
2123,_,超级好用,整体,正面
2123,_,非常保湿,功效,正面
2124,_,挺好的,整体,正面
2124,_,挺好的，喜欢,整体,正面
2124,_,还可以,整体,正面
2125,_,不紧绷,使用体验,正面
2125,_,不紧绷，很舒服,使用体验,正面
2125,_,好用,整体,正面
2125,_,好用，洗完不紧绷,整体,正面
2125,_,很舒服,使用体验,正面
2126,_,不错,整体,正面
2126,_,不错用的很好,整体,正面
2126,_,很好,整体,正面
2127,_,是正品,真伪,正面
2127,_,是正品，补水效果很好,真伪,正面
2127,补水效果,很好,功效,正面
2128,_,_,_,_
2129,_,好用,整体,正面
2130,_,不会过敏,使用体验,正面
2130,_,不错,整体,正面
2130,价格,不贵,价格,正面
2131,_,很柔和,使用体验,正面
2131,_,很柔和舒服,使用体验,正面
2131,清洁度,中等，但是很柔和,功效,正面
2132,_,非常好,整体,正面
2133,_,很好,整体,正面
2133,_,很好很补水,整体,正面
2133,_,很补水,功效,正面
2134,_,很服帖,使用体验,正面
2134,_,很服帖  精华也很多,使用体验,正面
2134,_,确实不错,整体,正面
2134,_,确实不错  很服帖,整体,正面
2134,精华,很多,成分,正面
2134,精华,很多  补水效果不错,成分,正面
2134,补水效果,不错,功效,正面
2135,_,很好用,整体,正面
2135,服务态度,很好,服务,正面
2136,_,很好用,整体,正面
2136,包装,完好,包装,正面
2136,包装,完好，应该很好用,包装,正面
2137,_,特别划算,价格,正面
2137,补水效果,不错,功效,正面
2138,_,很棒,整体,正面
2138,_,很棒物流很快,整体,正面
2138,_,很棒物流很快?棒哒,整体,正面
2138,物流,很快,物流,正面
2138,物流,很快?棒哒,物流,正面
2139,_,好评,整体,正面
2139,_,很喜欢,整体,正面
2139,_,很自然,功效,正面
2139,_,很自然，香味优然,功效,正面
2139,_,提肤色,功效,正面
2139,_,提肤色，很自然,功效,正面
2139,物流,超快,物流,正面
2139,物流,超快。给好评,物流,正面
2139,香味,优然,气味,正面
2140,_,喜欢,整体,正面
2140,_,喜欢得不得了,整体,正面
2141,_,比较信赖的,整体,正面
2142,_,不错,整体,正面
2142,物流,很快,物流,正面
2142,物流,很快，看着不错,物流,正面
2143,_,还不错,整体,正面
2144,_,很好用,整体,正面
2145,补水效果,非常好,功效,正面
2146,_,还不错,整体,正面
2146,物流,很快,物流,正面
2147,_,不错,整体,正面
2147,_,不错哦。速度很快,整体,正面
2147,速度,很快,物流,正面
2148,包装,不错,包装,正面
2149,_,贴皮肤,使用体验,正面
2149,_,非常好,整体,正面
2149,_,非常好，保湿好,整体,正面
2149,保湿,好,功效,正面
2149,保湿,好，贴皮肤,功效,正面
2150,_,蛮保湿,功效,正面
2150,_,蛮保湿的,功效,正面
2150,赠品,很好,价格,正面
2151,_,特别好,整体,正面
2151,活动,最合适,价格,正面
2152,包装,挺好的,包装,正面
2153,_,很好用,整体,正面
2153,_,很好用，质量好,整体,正面
2154,_,很好用,整体,正面
2154,_,很好用，补水效果超好,整体,正面
2154,补水效果,超好的,功效,正面
2155,_,很好,整体,正面
2156,_,_,_,_
2157,_,很好用,整体,正面
2158,快递服务,很好,物流,正面
2158,快递服务态度,很好,物流,正面
2159,_,很喜欢,整体,正面
2159,物流,给力,物流,正面
2159,物流,给力，很喜欢,物流,正面
2160,补水效果,很好,功效,正面
2161,配送小哥,棒棒哒,物流,正面
2162,_,很好拍开,使用体验,正面
2163,_,_,_,_
2164,_,非常好,整体,正面
2164,_,非常好，价钱也给力,整体,正面
2164,价钱,给力,价格,正面
2164,价钱,给力，比实体店还优惠,价格,正面
2165,_,_,_,_
2166,_,非常好用,整体,正面
2167,_,_,_,_
2168,_,很细腻,使用体验,正面
2168,_,很细腻，滑滑的,使用体验,正面
2168,_,很舒服,使用体验,正面
2168,_,滑滑的,使用体验,正面
2168,_,滑滑的，很舒服,使用体验,正面
2169,_,不错,整体,正面
2169,_,不错，很实惠,整体,正面
2169,_,很实惠,价格,正面
2170,_,不太好洗,整体,负面
2171,_,还可以,整体,正面
2172,快递,真的好快,物流,正面
2173,_,_,_,_
2174,_,_,_,_
2175,_,还可以,整体,正面
2176,_,_,_,_
2177,_,一般,整体,中性
2178,_,超级好用,整体,正面
2178,_,超级好用的,整体,正面
2179,颜色,不是很自然,功效,负面
2180,_,_,_,_
2181,_,_,_,_
2182,_,很好用,整体,正面
2183,_,好评,整体,正面
2183,_,很好用,整体,正面
2183,_,很好用，好评,整体,正面
2184,_,挺便宜,价格,正面
2184,_,挺便宜的,价格,正面
2185,物流,好快,物流,正面
2186,_,还可以,整体,正面
2187,_,挺好的,整体,正面
2188,_,还可以,整体,正面
2189,_,是正品,真伪,正面
2189,物流,快,物流,正面
2189,物流,快，产品号，是正品,物流,正面
2190,_,还行,整体,正面
2191,快递,快,物流,正面
2192,_,_,_,_
2193,活动,挺划算,价格,正面
2193,活动,挺划算，就是太慢了,价格,正面
2194,发货,很快,物流,正面
2195,_,不贵,价格,正面
2195,_,很好用,整体,正面
2196,_,不卡粉,使用体验,正面
2196,_,不卡粉，很润,使用体验,正面
2196,_,很润,使用体验,正面
2196,_,很满意,整体,正面
2196,物流,快,物流,正面
2196,物流,快，不卡粉,物流,正面
2196,物流,快，不卡粉，很润,物流,正面
2197,_,_,_,_
2198,_,_,_,_
2199,味道,好闻,气味,正面
2200,_,不是太好用,整体,负面
2201,_,满意,整体,正面
2201,包装,好看,包装,正面
2201,包装,好看，满意,包装,正面
2201,发货,快,物流,正面
2201,发货,快，包装好看,物流,正面
2201,发货,快，包装好看，满意,物流,正面
2202,_,很划算,价格,正面
2203,_,还可以,整体,正面
2204,_,很好,整体,正面
2205,_,_,_,_
2206,_,_,_,_
2207,味道,还行,气味,正面
2208,_,不错,整体,正面
2208,_,没过敏,使用体验,正面
2208,_,没过敏，补水还可以,使用体验,正面
2208,补水,还可以,功效,正面
2209,_,不刺激,使用体验,正面
2209,_,不刺激，不错不错,使用体验,正面
2209,_,不错,整体,正面
2209,_,不错，挺好,整体,正面
2209,_,挺好,整体,正面
2209,_,挺好，还在用，温和,整体,正面
2209,_,温和,使用体验,正面
2209,_,温和不刺激,使用体验,正面
2209,_,温和不刺激，不错,使用体验,正面
2210,_,非常棒,整体,正面
2211,性价比,很便宜,价格,正面
2211,性价比,挺高,价格,正面
2211,性价比,挺高的,价格,正面
2211,活动,很便宜,价格,正面
2211,活动,很便宜，性价比挺高的,价格,正面
2211,活动,挺高的,价格,正面
2211,活动买很便宜，性价比,挺高的,价格,正面
2212,_,经济,价格,正面
2212,_,经济实惠,价格,正面
2212,_,还行,整体,正面
2212,_,还行，价格不贵,整体,正面
2212,_,还行，价格不贵，经济,整体,正面
2212,价格,不贵,价格,正面
2212,价格,不贵，经济,价格,正面
2212,价格,不贵，经济实惠,价格,正面
2213,_,不会太白,功效,正面
2213,_,不会太白很自然,功效,正面
2213,_,不错,整体,正面
2213,_,不错，不会太白,整体,正面
2213,_,不错，不会太白很自然,整体,正面
2213,_,很自然,使用体验,正面
2213,_,很自然,功效,正面
2214,_,超级喜欢,整体,正面
2215,_,_,_,_
2216,_,超级棒,整体,正面
2216,补水效果,挺不错,功效,正面
2217,_,挺舒服的,使用体验,正面
2217,_,还不错,整体,正面
2217,_,还不错，挺舒服的,整体,正面
2217,物流,挺快,物流,正面
2217,物流,挺快的,物流,正面
2218,_,_,_,_
2219,_,挺好的,整体,正面
2219,_,挺好的，细腻,整体,正面
2219,_,挺好的，细腻，顺滑,整体,正面
2219,_,细腻,使用体验,正面
2219,_,细腻，顺滑,使用体验,正面
2219,_,细腻，顺滑，有光泽,使用体验,正面
2219,_,顺滑,使用体验,正面
2219,_,顺滑，有光泽,使用体验,正面
2219,赠品,不错,价格,正面
2220,_,很好,整体,正面
2220,_,超划算,价格,正面
2221,_,不错,整体,正面
2222,_,特别好用,整体,正面
2222,_,特别好用，非常满意,整体,正面
2222,_,非常满意,整体,正面
2223,_,_,_,_
2224,补水效果,很好,功效,正面
2225,_,_,_,_
2226,_,挺好,整体,正面
2226,_,挺好，我皮肤干,整体,正面
2226,_,挺适合,整体,正面
2227,_,比较优惠,价格,正面
2227,_,还可以,整体,正面
2228,_,一般一般,整体,中性
2229,_,十分满意,整体,正面
2230,_,不错,整体,正面
2230,_,不错！用着有明显,整体,正面
2230,_,好评,整体,正面
2231,_,挺好的,整体,正面
2232,_,是正品,真伪,正面
2232,_,棒棒哒,整体,正面
2233,_,不错,整体,正面
2233,_,不错不错,整体,正面
2233,_,划算,价格,正面
2234,_,很细腻,使用体验,正面
2234,_,很细腻，不是太白,使用体验,正面
2235,_,很好用,整体,正面
2235,物流,超快,物流,正面
2235,物流,超快，面膜也很好用,物流,正面
2236,_,挺显白,功效,正面
2236,_,挺显白的,功效,正面
2237,_,容易推开,使用体验,正面
2237,_,容易推开，改善肤色,使用体验,正面
2237,_,很不错,整体,正面
2237,_,很不错，容易推开,整体,正面
2237,_,改善肤色,功效,正面
